TimeStamp,DispFrames
1409585052.0,13.0
1409585053.0,13.0
1409585054.0,13.8200001717
1409585055.0,16.2300002575
1409585056.0,15.9499995708
1409585057.0,13.0
1409585058.0,13.0
1409585059.0,13.8200001717
1409585060.0,16.2300002575
1409585061.0,15.9499995708
1409585062.0,13.0
1409585063.0,13.0
1409585064.0,14.2300002575
1409585065.0,19.2800006866
1409585066.0,24.0
1409585067.0,21.1299993992
1409585068.0,15.359999656700001
1409585069.0,13.8200001717
1409585070.0,17.8700006008
1409585071.0,18.3099992275
1409585072.0,13.0
1409585073.0,13.0
1409585074.0,14.2300002575
1409585075.0,19.2800006866
1409585076.0,24.0
1409585077.0,21.9499995708
1409585078.0,16.539999485
1409585079.0,14.2300002575
1409585080.0,19.2800006866
1409585081.0,24.0
1409585082.0,21.1299993992
1409585083.0,15.359999656700001
1409585084.0,14.2300002575
1409585085.0,19.2800006866
1409585086.0,21.539999485
1409585087.0,15.9499995708
1409585088.0,13.0
1409585089.0,14.2300002575
1409585090.0,19.2800006866
1409585091.0,19.4899990559
1409585092.0,13.0
1409585093.0,13.410000085799998
1409585094.0,14.410000085799998
1409585095.0,18.6900007725
1409585096.0,21.1299993992
1409585097.0,15.359999656700001
1409585098.0,13.0
1409585099.0,14.2300002575
1409585100.0,19.2800006866
1409585101.0,24.0
1409585102.0,21.9499995708
1409585103.0,16.539999485
1409585104.0,14.2300002575
1409585105.0,19.2800006866
1409585106.0,24.0
1409585107.0,24.0
1409585108.0,21.9499995708
1409585109.0,17.7699997425
1409585110.0,19.2800006866
1409585111.0,24.0
1409585112.0,24.0
1409585113.0,24.0
1409585114.0,20.7199993134
1409585115.0,19.2800006866
1409585116.0,24.0
1409585117.0,24.0
1409585118.0,23.179999828299998
1409585119.0,19.9499995708
1409585120.0,19.8700006008
1409585121.0,23.5899999142
1409585122.0,23.4100000858
1409585123.0,24.0
1409585124.0,21.9499995708
1409585125.0,21.0500004292
1409585126.0,24.4100000858
1409585127.0,24.5899999142
1409585128.0,24.0
1409585129.0,23.5899999142
1409585130.0,23.4100000858
1409585131.0,24.0
1409585132.0,24.4100000858
1409585133.0,24.5899999142
1409585134.0,24.0
1409585135.0,24.4100000858
1409585136.0,24.5899999142
1409585137.0,24.4100000858
1409585138.0,24.5899999142
1409585139.0,24.0
1409585140.0,24.4100000858
1409585141.0,24.5899999142
1409585142.0,24.0
1409585143.0,24.0
1409585144.0,24.4100000858
1409585145.0,24.5899999142
1409585146.0,24.0
1409585147.0,24.0
1409585148.0,23.5899999142
1409585149.0,23.0
1409585150.0,23.4100000858
1409585151.0,23.5899999142
1409585152.0,23.4100000858
1409585153.0,24.0
1409585154.0,23.5899999142
1409585155.0,23.4100000858
1409585156.0,24.0
1409585157.0,24.0
1409585158.0,24.0
1409585159.0,24.0
1409585160.0,24.4100000858
1409585161.0,24.5899999142
1409585162.0,24.4100000858
1409585163.0,24.5899999142
1409585164.0,24.0
1409585165.0,24.4100000858
1409585166.0,25.0
1409585167.0,24.5899999142
1409585168.0,24.0
1409585169.0,24.4100000858
1409585170.0,24.5899999142
1409585171.0,24.0
1409585172.0,24.4100000858
1409585173.0,24.5899999142
1409585174.0,24.4100000858
1409585175.0,25.0
1409585176.0,24.5899999142
1409585177.0,24.4100000858
1409585178.0,25.0
1409585179.0,25.0
1409585180.0,24.5899999142
1409585181.0,24.4100000858
1409585182.0,25.0
1409585183.0,25.4100000858
1409585184.0,25.5899999142
1409585185.0,24.5899999142
1409585186.0,24.4100000858
1409585187.0,25.0
1409585188.0,25.0
1409585189.0,25.4100000858
1409585190.0,25.179999828299998
1409585191.0,24.820000171700002
1409585192.0,25.5899999142
1409585193.0,25.0
1409585194.0,25.4100000858
1409585195.0,25.5899999142
1409585196.0,25.0
1409585197.0,25.4100000858
1409585198.0,26.0
1409585199.0,26.0
1409585200.0,25.5899999142
1409585201.0,25.0
1409585202.0,25.0
1409585203.0,25.820000171700002
1409585204.0,26.179999828299998
1409585205.0,25.0
1409585206.0,25.0
1409585207.0,25.0
1409585208.0,25.0
1409585209.0,25.4100000858
1409585210.0,25.179999828299998
1409585211.0,24.820000171700002
1409585212.0,25.5899999142
1409585213.0,25.0
1409585214.0,25.4100000858
1409585215.0,25.5899999142
1409585216.0,25.0
1409585217.0,25.0
1409585218.0,25.820000171700002
1409585219.0,26.179999828299998
1409585220.0,25.0
1409585221.0,25.0
1409585222.0,25.0
1409585223.0,25.0
1409585224.0,25.4100000858
1409585225.0,25.179999828299998
1409585226.0,24.4100000858
1409585227.0,24.5899999142
1409585228.0,24.4100000858
1409585229.0,25.0
1409585230.0,24.5899999142
1409585231.0,24.4100000858
1409585232.0,24.5899999142
1409585233.0,24.4100000858
1409585234.0,25.0
1409585235.0,24.5899999142
1409585236.0,24.4100000858
1409585237.0,25.0
1409585238.0,24.5899999142
1409585239.0,24.4100000858
1409585240.0,24.5899999142
1409585241.0,24.4100000858
1409585242.0,24.5899999142
1409585243.0,24.0
1409585244.0,24.4100000858
1409585245.0,24.5899999142
1409585246.0,24.0
1409585247.0,24.0
1409585248.0,24.4100000858
1409585249.0,25.0
1409585250.0,24.5899999142
1409585251.0,24.0
1409585252.0,24.4100000858
1409585253.0,25.0
1409585254.0,25.0
1409585255.0,24.5899999142
1409585256.0,24.4100000858
1409585257.0,24.5899999142
1409585258.0,24.820000171700002
1409585259.0,25.5899999142
1409585260.0,25.0
1409585261.0,25.0
1409585262.0,24.5899999142
1409585263.0,24.820000171700002
1409585264.0,25.5899999142
1409585265.0,25.0
1409585266.0,24.5899999142
1409585267.0,24.4100000858
1409585268.0,25.0
1409585269.0,25.0
1409585270.0,24.5899999142
1409585271.0,24.4100000858
1409585272.0,25.0
1409585273.0,25.0
1409585274.0,25.4100000858
1409585275.0,25.5899999142
1409585276.0,24.5899999142
1409585277.0,24.4100000858
1409585278.0,25.0
1409585279.0,25.4100000858
1409585280.0,25.179999828299998
1409585281.0,24.0
1409585282.0,24.0
1409585283.0,24.4100000858
1409585284.0,25.0
1409585285.0,22.9499995708
1409585286.0,16.7199993134
1409585287.0,14.0500004292
1409585288.0,19.8700006008
1409585289.0,22.7699997425
1409585290.0,20.179999828299998
1409585291.0,17.7699997425
1409585292.0,17.6400003433
1409585293.0,21.2300002575
1409585294.0,21.7699997425
1409585295.0,20.0
1409585296.0,18.7699997425
1409585297.0,18.6400003433
1409585298.0,24.280000686599998
1409585299.0,25.719999313400002
1409585300.0,19.7699997425
1409585301.0,18.0
1409585302.0,19.2300002575
1409585303.0,21.820000171700002
1409585304.0,22.5899999142
1409585305.0,21.179999828299998
1409585306.0,17.9499995708
1409585307.0,17.460000515
1409585308.0,23.0500004292
1409585309.0,25.5899999142
1409585310.0,22.539999485
1409585311.0,19.4100000858
1409585312.0,22.8700006008
1409585313.0,27.4100000858
1409585314.0,27.5899999142
1409585315.0,25.7699997425
1409585316.0,24.4100000858
1409585317.0,24.5899999142
1409585318.0,23.5899999142
1409585319.0,23.4100000858
1409585320.0,24.0
1409585321.0,23.5899999142
1409585322.0,23.0
1409585323.0,23.4100000858
1409585324.0,24.0
1409585325.0,24.0
1409585326.0,24.0
1409585327.0,24.0
1409585328.0,24.0
1409585329.0,24.0
1409585330.0,23.5899999142
1409585331.0,23.4100000858
1409585332.0,24.0
1409585333.0,24.4100000858
1409585334.0,24.5899999142
1409585335.0,24.0
1409585336.0,24.0
1409585337.0,24.0
1409585338.0,24.0
1409585339.0,24.4100000858
1409585340.0,24.5899999142
1409585341.0,24.0
1409585342.0,23.5899999142
1409585343.0,23.820000171700002
1409585344.0,25.0
1409585345.0,24.5899999142
1409585346.0,23.5899999142
1409585347.0,23.820000171700002
1409585348.0,24.5899999142
1409585349.0,24.4100000858
1409585350.0,24.5899999142
1409585351.0,23.5899999142
1409585352.0,23.4100000858
1409585353.0,23.5899999142
1409585354.0,23.820000171700002
1409585355.0,24.179999828299998
1409585356.0,23.4100000858
1409585357.0,23.5899999142
1409585358.0,23.4100000858
1409585359.0,24.0
1409585360.0,23.5899999142
1409585361.0,23.820000171700002
1409585362.0,24.179999828299998
1409585363.0,23.4100000858
1409585364.0,24.4100000858
1409585365.0,24.179999828299998
1409585366.0,23.4100000858
1409585367.0,24.0
1409585368.0,24.0
1409585369.0,24.4100000858
1409585370.0,24.5899999142
1409585371.0,24.0
1409585372.0,24.0
1409585373.0,24.0
1409585374.0,24.4100000858
1409585375.0,24.179999828299998
1409585376.0,23.4100000858
1409585377.0,24.0
1409585378.0,24.0
1409585379.0,24.0
1409585380.0,24.0
1409585381.0,24.4100000858
1409585382.0,24.179999828299998
1409585383.0,23.4100000858
1409585384.0,24.4100000858
1409585385.0,24.179999828299998
1409585386.0,23.4100000858
1409585387.0,24.0
1409585388.0,24.0
1409585389.0,24.0
1409585390.0,23.5899999142
1409585391.0,23.4100000858
1409585392.0,24.0
1409585393.0,24.0
1409585394.0,24.0
1409585395.0,23.5899999142
1409585396.0,23.4100000858
1409585397.0,24.0
1409585398.0,24.4100000858
1409585399.0,25.0
1409585400.0,24.5899999142
1409585401.0,23.5899999142
1409585402.0,23.820000171700002
1409585403.0,25.0
1409585404.0,24.5899999142
1409585405.0,24.0
1409585406.0,24.0
1409585407.0,24.4100000858
1409585408.0,24.5899999142
1409585409.0,24.4100000858
1409585410.0,24.179999828299998
1409585411.0,23.4100000858
1409585412.0,24.0
1409585413.0,24.0
1409585414.0,24.0
1409585415.0,23.5899999142
1409585416.0,23.820000171700002
1409585417.0,24.179999828299998
1409585418.0,23.0
1409585419.0,23.4100000858
1409585420.0,24.0
1409585421.0,24.0
1409585422.0,23.179999828299998
1409585423.0,22.4100000858
1409585424.0,20.539999485
1409585425.0,15.359999656700001
1409585426.0,13.0
1409585427.0,13.410000085799998
1409585428.0,17.6900007725
1409585429.0,23.820000171700002
1409585430.0,24.5899999142
1409585431.0,24.0
1409585432.0,23.5899999142
1409585433.0,23.820000171700002
1409585434.0,24.179999828299998
1409585435.0,23.4100000858
1409585436.0,24.4100000858
1409585437.0,24.179999828299998
1409585438.0,23.4100000858
1409585439.0,24.4100000858
1409585440.0,24.179999828299998
1409585441.0,23.4100000858
1409585442.0,24.0
1409585443.0,24.0
1409585444.0,24.0
1409585445.0,24.0
1409585446.0,24.0
1409585447.0,24.0
1409585448.0,24.0
1409585449.0,24.0
1409585450.0,24.0
1409585451.0,24.0
1409585452.0,24.0
1409585453.0,24.0
1409585454.0,24.0
1409585455.0,24.0
1409585456.0,24.0
1409585457.0,24.0
1409585458.0,24.0
1409585459.0,24.0
1409585460.0,24.0
1409585461.0,24.0
1409585462.0,24.0
1409585463.0,24.0
1409585464.0,24.0
1409585465.0,24.0
1409585466.0,24.0
1409585467.0,24.0
1409585468.0,24.0
1409585469.0,24.0
1409585470.0,24.0
1409585471.0,24.0
1409585472.0,23.5899999142
1409585473.0,23.4100000858
1409585474.0,24.0
1409585475.0,24.4100000858
1409585476.0,24.5899999142
1409585477.0,24.0
1409585478.0,24.0
1409585479.0,24.0
1409585480.0,23.5899999142
1409585481.0,23.4100000858
1409585482.0,24.0
1409585483.0,24.0
1409585484.0,24.0
1409585485.0,24.0
1409585486.0,24.0
1409585487.0,24.0
1409585488.0,24.0
1409585489.0,24.0
1409585490.0,24.0
1409585491.0,24.0
1409585492.0,24.0
1409585493.0,24.0
1409585494.0,24.0
1409585495.0,24.0
1409585496.0,24.0
1409585497.0,24.0
1409585498.0,24.0
1409585499.0,24.0
1409585500.0,24.0
1409585501.0,24.0
1409585502.0,24.0
1409585503.0,24.0
1409585504.0,24.0
1409585505.0,24.0
1409585506.0,24.0
1409585507.0,24.0
1409585508.0,24.0
1409585509.0,24.0
1409585510.0,24.0
1409585511.0,24.0
1409585512.0,24.0
1409585513.0,24.0
1409585514.0,24.0
1409585515.0,24.0
1409585516.0,24.0
1409585517.0,24.0
1409585518.0,24.0
1409585519.0,24.0
1409585520.0,23.5899999142
1409585521.0,23.4100000858
1409585522.0,24.0
1409585523.0,24.0
1409585524.0,24.0
1409585525.0,24.0
1409585526.0,24.0
1409585527.0,24.0
1409585528.0,24.0
1409585529.0,24.0
1409585530.0,24.0
1409585531.0,24.0
1409585532.0,24.0
1409585533.0,24.0
1409585534.0,24.0
1409585535.0,24.0
1409585536.0,24.0
1409585537.0,24.0
1409585538.0,24.0
1409585539.0,24.0
1409585540.0,23.5899999142
1409585541.0,23.4100000858
1409585542.0,24.0
1409585543.0,24.0
1409585544.0,24.0
1409585545.0,23.5899999142
1409585546.0,23.4100000858
1409585547.0,24.0
1409585548.0,24.0
1409585549.0,24.0
1409585550.0,24.0
1409585551.0,24.0
1409585552.0,24.0
1409585553.0,24.0
1409585554.0,24.0
1409585555.0,24.0
1409585556.0,24.0
1409585557.0,24.0
1409585558.0,24.0
1409585559.0,24.0
1409585560.0,24.0
1409585561.0,24.0
1409585562.0,24.0
1409585563.0,24.0
1409585564.0,24.0
1409585565.0,24.0
1409585566.0,24.0
1409585567.0,24.0
1409585568.0,24.0
1409585569.0,24.0
1409585570.0,24.0
1409585571.0,24.0
1409585572.0,24.0
1409585573.0,24.0
1409585574.0,24.0
1409585575.0,24.0
1409585576.0,24.0
1409585577.0,24.0
1409585578.0,24.0
1409585579.0,24.0
1409585580.0,24.0
1409585581.0,24.0
1409585582.0,24.0
1409585583.0,24.0
1409585584.0,24.0
1409585585.0,24.0
1409585586.0,24.0
1409585587.0,24.0
1409585588.0,24.0
1409585589.0,24.0
1409585590.0,23.5899999142
1409585591.0,23.4100000858
1409585592.0,24.0
1409585593.0,24.0
1409585594.0,24.0
1409585595.0,24.0
1409585596.0,24.0
1409585597.0,24.0
1409585598.0,24.0
1409585599.0,24.0
1409585600.0,24.0
1409585601.0,24.0
1409585602.0,24.0
1409585603.0,24.0
1409585604.0,24.0
1409585605.0,24.0
1409585606.0,24.0
1409585607.0,24.0
1409585608.0,24.0
1409585609.0,24.0
1409585610.0,24.0
1409585611.0,24.0
1409585612.0,24.0
1409585613.0,24.0
1409585614.0,24.0
1409585615.0,24.0
1409585616.0,24.0
1409585617.0,24.0
1409585618.0,24.0
1409585619.0,24.0
1409585620.0,24.0
1409585621.0,24.0
1409585622.0,24.0
1409585623.0,24.0
1409585624.0,24.0
1409585625.0,23.5899999142
1409585626.0,23.4100000858
1409585627.0,24.0
1409585628.0,24.0
1409585629.0,24.0
1409585630.0,24.0
1409585631.0,24.0
1409585632.0,24.0
1409585633.0,24.0
1409585634.0,24.0
1409585635.0,24.0
1409585636.0,24.0
1409585637.0,24.0
1409585638.0,24.0
1409585639.0,24.0
1409585640.0,24.0
1409585641.0,24.0
1409585642.0,24.0
1409585643.0,24.0
1409585644.0,24.0
1409585645.0,24.0
1409585646.0,24.0
1409585647.0,24.0
1409585648.0,24.0
1409585649.0,24.0
1409585650.0,24.0
1409585651.0,24.0
1409585652.0,24.0
1409585653.0,24.0
1409585654.0,24.0
1409585655.0,24.0
1409585656.0,24.0
1409585657.0,24.0
1409585658.0,24.0
1409585659.0,24.0
1409585660.0,24.0
1409585661.0,24.0
1409585662.0,24.0
1409585663.0,24.0
1409585664.0,24.0
1409585665.0,24.0
1409585666.0,24.0
1409585667.0,24.0
1409585668.0,24.0
1409585669.0,24.0
1409585670.0,24.0
1409585671.0,24.0
1409585672.0,24.0
1409585673.0,24.0
1409585674.0,24.0
1409585675.0,24.0
1409585676.0,24.0
1409585677.0,24.0
1409585678.0,24.0
1409585679.0,24.0
1409585680.0,24.0
1409585681.0,24.0
1409585682.0,24.0
1409585683.0,24.0
1409585684.0,24.0
1409585685.0,24.0
1409585686.0,24.0
1409585687.0,24.0
1409585688.0,24.0
1409585689.0,24.0
1409585690.0,24.0
1409585691.0,24.0
1409585692.0,24.0
1409585693.0,24.0
1409585694.0,24.0
1409585695.0,24.0
1409585696.0,24.0
1409585697.0,24.0
1409585698.0,24.0
1409585699.0,24.0
1409585700.0,24.0
1409585701.0,24.0
1409585702.0,24.0
1409585703.0,24.0
1409585704.0,24.0
1409585705.0,24.0
1409585706.0,24.0
1409585707.0,24.0
1409585708.0,24.0
1409585709.0,24.0
1409585710.0,23.5899999142
1409585711.0,23.4100000858
1409585712.0,24.0
1409585713.0,24.0
1409585714.0,24.0
1409585715.0,24.0
1409585716.0,24.0
1409585717.0,24.0
1409585718.0,24.0
1409585719.0,24.0
1409585720.0,24.0
1409585721.0,24.0
1409585722.0,24.0
1409585723.0,24.0
1409585724.0,24.0
1409585725.0,24.0
1409585726.0,24.0
1409585727.0,24.0
1409585728.0,24.0
1409585729.0,24.0
1409585730.0,24.0
1409585731.0,24.0
1409585732.0,24.0
1409585733.0,24.0
1409585734.0,24.0
1409585735.0,24.0
1409585736.0,24.0
1409585737.0,24.0
1409585738.0,24.0
1409585739.0,24.0
1409585740.0,24.0
1409585741.0,24.0
1409585742.0,24.0
1409585743.0,24.0
1409585744.0,24.0
1409585745.0,24.0
1409585746.0,24.0
1409585747.0,24.0
1409585748.0,24.0
1409585749.0,24.0
1409585750.0,24.0
1409585751.0,24.0
1409585752.0,24.0
1409585753.0,24.0
1409585754.0,24.0
1409585755.0,23.5899999142
1409585756.0,23.4100000858
1409585757.0,24.0
1409585758.0,24.0
1409585759.0,24.0
1409585760.0,24.0
1409585761.0,24.0
1409585762.0,24.0
1409585763.0,24.0
1409585764.0,24.0
1409585765.0,24.0
1409585766.0,24.0
1409585767.0,24.0
1409585768.0,24.0
1409585769.0,24.0
1409585770.0,24.0
1409585771.0,24.0
1409585772.0,24.0
1409585773.0,24.0
1409585774.0,24.0
1409585775.0,24.0
1409585776.0,24.0
1409585777.0,24.0
1409585778.0,24.0
1409585779.0,24.0
1409585780.0,24.0
1409585781.0,24.0
1409585782.0,24.0
1409585783.0,24.0
1409585784.0,24.0
1409585785.0,24.0
1409585786.0,24.0
1409585787.0,24.0
1409585788.0,24.0
1409585789.0,24.0
1409585790.0,24.0
1409585791.0,24.0
1409585792.0,24.0
1409585793.0,24.0
1409585794.0,24.0
1409585795.0,23.5899999142
1409585796.0,23.4100000858
1409585797.0,24.0
1409585798.0,24.0
1409585799.0,24.0
1409585800.0,24.0
1409585801.0,24.0
1409585802.0,24.0
1409585803.0,24.0
1409585804.0,24.0
1409585805.0,24.0
1409585806.0,24.0
1409585807.0,24.0
1409585808.0,24.0
1409585809.0,24.0
1409585810.0,24.0
1409585811.0,24.0
1409585812.0,24.0
1409585813.0,24.0
1409585814.0,19.8999991417
1409585815.0,15.640000343299999
1409585816.0,20.460000515
1409585817.0,24.0
1409585818.0,22.7699997425
1409585819.0,18.1299993992
1409585820.0,15.640000343299999
1409585821.0,20.460000515
1409585822.0,24.0
1409585823.0,20.7199993134
1409585824.0,15.1799998283
1409585825.0,15.640000343299999
1409585826.0,20.460000515
1409585827.0,22.7699997425
1409585828.0,17.7199993134
1409585829.0,13.0
1409585830.0,14.640000343299999
1409585831.0,19.8700006008
1409585832.0,24.0
1409585833.0,21.539999485
1409585834.0,15.9499995708
1409585835.0,15.460000515
1409585836.0,21.0500004292
1409585837.0,24.0
1409585838.0,19.8999991417
1409585839.0,14.0
1409585840.0,15.640000343299999
1409585841.0,20.460000515
1409585842.0,24.0
1409585843.0,20.3099992275
1409585844.0,14.1799998283
1409585845.0,14.640000343299999
1409585846.0,19.8700006008
1409585847.0,24.0
1409585848.0,21.9499995708
1409585849.0,16.9499995708
1409585850.0,15.640000343299999
1409585851.0,20.460000515
1409585852.0,24.0
1409585853.0,20.7199993134
1409585854.0,14.7699997425
1409585855.0,15.0500004292
1409585856.0,20.460000515
1409585857.0,23.179999828299998
1409585858.0,18.3099992275
1409585859.0,13.0
1409585860.0,15.0500004292
1409585861.0,20.460000515
1409585862.0,21.9499995708
1409585863.0,16.539999485
1409585864.0,13.0
1409585865.0,14.640000343299999
1409585866.0,19.8700006008
1409585867.0,24.0
1409585868.0,19.4899990559
1409585869.0,13.0
1409585870.0,14.640000343299999
1409585871.0,19.8700006008
1409585872.0,23.179999828299998
1409585873.0,18.3099992275
1409585874.0,13.0
1409585875.0,15.0500004292
1409585876.0,18.820000171700002
1409585877.0,17.1299993992
1409585878.0,13.0
1409585879.0,13.0
1409585880.0,14.640000343299999
1409585881.0,17.4100000858
1409585882.0,15.9499995708
1409585883.0,13.0
1409585884.0,13.0
1409585885.0,14.640000343299999
1409585886.0,17.820000171700002
1409585887.0,16.539999485
1409585888.0,13.0
1409585889.0,13.0
1409585890.0,14.640000343299999
1409585891.0,18.2300002575
1409585892.0,17.539999485
1409585893.0,13.589999914200002
1409585894.0,13.0
1409585895.0,14.2300002575
1409585896.0,17.6400003433
1409585897.0,17.1299993992
1409585898.0,13.0
1409585899.0,13.0
1409585900.0,14.640000343299999
1409585901.0,17.820000171700002
1409585902.0,16.539999485
1409585903.0,13.0
1409585904.0,13.410000085799998
1409585905.0,15.2300002575
1409585906.0,18.6400003433
1409585907.0,17.7199993134
1409585908.0,13.0
1409585909.0,13.410000085799998
1409585910.0,14.8200001717
1409585911.0,19.2800006866
1409585912.0,19.8999991417
1409585913.0,13.589999914200002
1409585914.0,13.0
1409585915.0,14.640000343299999
1409585916.0,19.460000515
1409585917.0,18.8999991417
1409585918.0,13.0
1409585919.0,13.0
1409585920.0,14.640000343299999
1409585921.0,17.0
1409585922.0,15.359999656700001
1409585923.0,13.410000085799998
1409585924.0,13.589999914200002
1409585925.0,14.2300002575
1409585926.0,17.2300002575
1409585927.0,16.539999485
1409585928.0,13.0
1409585929.0,13.410000085799998
1409585930.0,15.2300002575
1409585931.0,19.460000515
1409585932.0,18.8999991417
1409585933.0,13.410000085799998
1409585934.0,13.589999914200002
1409585935.0,14.640000343299999
1409585936.0,17.0
1409585937.0,15.359999656700001
1409585938.0,13.0
1409585939.0,13.0
1409585940.0,14.2300002575
1409585941.0,16.4100000858
1409585942.0,15.359999656700001
1409585943.0,13.0
1409585944.0,13.410000085799998
1409585945.0,15.2300002575
1409585946.0,17.0
1409585947.0,15.359999656700001
1409585948.0,13.0
1409585949.0,13.410000085799998
1409585950.0,15.2300002575
1409585951.0,17.4100000858
1409585952.0,15.9499995708
1409585953.0,13.0
1409585954.0,13.0
1409585955.0,14.640000343299999
1409585956.0,17.4100000858
1409585957.0,15.9499995708
1409585958.0,13.410000085799998
1409585959.0,13.589999914200002
1409585960.0,15.0500004292
1409585961.0,18.4100000858
1409585962.0,16.539999485
1409585963.0,13.0
1409585964.0,13.0
1409585965.0,14.640000343299999
1409585966.0,19.460000515
1409585967.0,19.3099992275
1409585968.0,13.589999914200002
1409585969.0,13.0
1409585970.0,14.640000343299999
1409585971.0,18.6400003433
1409585972.0,18.1299993992
1409585973.0,13.589999914200002
1409585974.0,13.0
1409585975.0,14.640000343299999
1409585976.0,17.0
1409585977.0,15.359999656700001
1409585978.0,13.0
1409585979.0,13.0
1409585980.0,15.0500004292
1409585981.0,16.3599996567
1409585982.0,14.0
1409585983.0,13.589999914200002
1409585984.0,13.0
1409585985.0,14.640000343299999
1409585986.0,17.4100000858
1409585987.0,15.9499995708
1409585988.0,13.0
1409585989.0,13.410000085799998
1409585990.0,14.8200001717
1409585991.0,16.0
1409585992.0,14.7699997425
1409585993.0,13.0
1409585994.0,13.0
1409585995.0,15.0500004292
1409585996.0,16.3599996567
1409585997.0,13.589999914200002
1409585998.0,13.410000085799998
1409585999.0,13.589999914200002
1409586000.0,13.8200001717
1409586001.0,16.2300002575
1409586002.0,15.9499995708
1409586003.0,13.0
1409586004.0,13.410000085799998
1409586005.0,14.410000085799998
1409586006.0,16.2300002575
1409586007.0,15.9499995708
1409586008.0,13.0
1409586009.0,13.410000085799998
1409586010.0,15.640000343299999
1409586011.0,17.179999828299998
1409586012.0,14.7699997425
1409586013.0,13.0
1409586014.0,13.0
1409586015.0,15.0500004292
1409586016.0,16.7699997425
1409586017.0,14.1799998283
1409586018.0,13.0
1409586019.0,13.0
1409586020.0,14.640000343299999
1409586021.0,15.7699997425
1409586022.0,13.589999914200002
1409586023.0,13.0
1409586024.0,13.0
1409586025.0,14.2300002575
1409586026.0,15.589999914200002
1409586027.0,14.1799998283
1409586028.0,13.0
1409586029.0,13.0
1409586030.0,14.2300002575
1409586031.0,16.0
1409586032.0,14.7699997425
1409586033.0,13.410000085799998
1409586034.0,13.589999914200002
1409586035.0,14.2300002575
1409586036.0,16.820000171700002
1409586037.0,16.3599996567
1409586038.0,13.589999914200002
1409586039.0,13.0
1409586040.0,14.640000343299999
1409586041.0,17.4100000858
1409586042.0,15.9499995708
1409586043.0,13.0
1409586044.0,13.0
1409586045.0,14.640000343299999
1409586046.0,17.4100000858
1409586047.0,15.9499995708
1409586048.0,13.0
1409586049.0,13.410000085799998
1409586050.0,14.8200001717
1409586051.0,17.2300002575
1409586052.0,16.539999485
1409586053.0,13.0
1409586054.0,13.0
1409586055.0,15.0500004292
1409586056.0,18.4100000858
1409586057.0,16.539999485
1409586058.0,13.0
1409586059.0,13.0
1409586060.0,14.640000343299999
1409586061.0,17.820000171700002
1409586062.0,16.539999485
1409586063.0,13.0
1409586064.0,13.0
1409586065.0,15.0500004292
1409586066.0,18.4100000858
1409586067.0,16.539999485
1409586068.0,13.0
1409586069.0,13.0
1409586070.0,15.0500004292
1409586071.0,18.4100000858
1409586072.0,16.539999485
1409586073.0,13.0
1409586074.0,13.410000085799998
1409586075.0,15.2300002575
1409586076.0,17.0
1409586077.0,15.359999656700001
1409586078.0,13.410000085799998
1409586079.0,13.589999914200002
1409586080.0,14.2300002575
1409586081.0,16.820000171700002
1409586082.0,15.9499995708
1409586083.0,13.0
1409586084.0,13.410000085799998
1409586085.0,14.8200001717
1409586086.0,16.820000171700002
1409586087.0,15.9499995708
1409586088.0,13.0
1409586089.0,13.0
1409586090.0,14.640000343299999
1409586091.0,19.460000515
1409586092.0,18.8999991417
1409586093.0,13.0
1409586094.0,13.0
1409586095.0,15.0500004292
1409586096.0,18.820000171700002
1409586097.0,17.1299993992
1409586098.0,13.0
1409586099.0,13.0
1409586100.0,14.640000343299999
1409586101.0,17.820000171700002
1409586102.0,16.539999485
1409586103.0,13.0
1409586104.0,13.0
1409586105.0,14.640000343299999
1409586106.0,19.8700006008
1409586107.0,19.4899990559
1409586108.0,13.0
1409586109.0,13.0
1409586110.0,15.0500004292
1409586111.0,19.6400003433
1409586112.0,18.3099992275
1409586113.0,13.0
1409586114.0,13.0
1409586115.0,14.2300002575
1409586116.0,18.460000515
1409586117.0,18.3099992275
1409586118.0,13.0
1409586119.0,13.410000085799998
1409586120.0,14.410000085799998
1409586121.0,18.6900007725
1409586122.0,24.0
1409586123.0,21.539999485
1409586124.0,15.9499995708
1409586125.0,15.0500004292
1409586126.0,20.460000515
1409586127.0,24.0
1409586128.0,19.8999991417
1409586129.0,13.589999914200002
1409586130.0,15.0500004292
1409586131.0,20.460000515
1409586132.0,21.9499995708
1409586133.0,16.539999485
1409586134.0,13.0
1409586135.0,14.640000343299999
1409586136.0,19.8700006008
1409586137.0,22.3599996567
1409586138.0,17.1299993992
1409586139.0,13.0
1409586140.0,15.0500004292
1409586141.0,20.460000515
1409586142.0,24.0
1409586143.0,21.1299993992
1409586144.0,15.359999656700001
1409586145.0,15.0500004292
1409586146.0,20.460000515
1409586147.0,24.0
1409586148.0,24.0
1409586149.0,23.179999828299998
1409586150.0,20.3599996567
1409586151.0,20.460000515
1409586152.0,23.5899999142
1409586153.0,23.4100000858
1409586154.0,21.9499995708
1409586155.0,18.5899999142
1409586156.0,20.460000515
1409586157.0,24.0
1409586158.0,24.0
1409586159.0,24.0
1409586160.0,22.3599996567
1409586161.0,21.6400003433
1409586162.0,24.0
1409586163.0,24.0
1409586164.0,24.0
1409586165.0,24.4100000858
1409586166.0,24.5899999142
1409586167.0,24.0
1409586168.0,24.4100000858
1409586169.0,24.5899999142
1409586170.0,24.0
1409586171.0,24.4100000858
1409586172.0,25.0
1409586173.0,25.0
1409586174.0,25.0
1409586175.0,25.0
1409586176.0,25.0
1409586177.0,25.0
1409586178.0,25.4100000858
1409586179.0,25.5899999142
1409586180.0,25.0
1409586181.0,25.0
1409586182.0,25.820000171700002
1409586183.0,26.179999828299998
1409586184.0,25.4100000858
1409586185.0,25.5899999142
1409586186.0,25.0
1409586187.0,25.0
1409586188.0,25.4100000858
1409586189.0,25.5899999142
1409586190.0,25.0
1409586191.0,24.5899999142
1409586192.0,24.4100000858
1409586193.0,25.0
1409586194.0,25.0
1409586195.0,24.5899999142
1409586196.0,24.4100000858
1409586197.0,24.5899999142
1409586198.0,24.4100000858
1409586199.0,24.5899999142
1409586200.0,24.0
1409586201.0,24.4100000858
1409586202.0,24.5899999142
1409586203.0,24.820000171700002
1409586204.0,25.5899999142
1409586205.0,24.5899999142
1409586206.0,24.0
1409586207.0,24.4100000858
1409586208.0,25.0
1409586209.0,24.5899999142
1409586210.0,24.0
1409586211.0,24.4100000858
1409586212.0,24.5899999142
1409586213.0,24.4100000858
1409586214.0,25.0
1409586215.0,24.179999828299998
1409586216.0,23.4100000858
1409586217.0,24.0
1409586218.0,24.0
1409586219.0,24.0
1409586220.0,24.0
1409586221.0,24.0
1409586222.0,24.0
1409586223.0,24.0
1409586224.0,24.0
1409586225.0,24.0
1409586226.0,24.0
1409586227.0,24.4100000858
1409586228.0,24.5899999142
1409586229.0,24.4100000858
1409586230.0,24.5899999142
1409586231.0,24.0
1409586232.0,24.4100000858
1409586233.0,24.5899999142
1409586234.0,24.4100000858
1409586235.0,24.5899999142
1409586236.0,24.4100000858
1409586237.0,24.5899999142
1409586238.0,24.820000171700002
1409586239.0,25.5899999142
1409586240.0,25.0
1409586241.0,24.5899999142
1409586242.0,24.820000171700002
1409586243.0,26.0
1409586244.0,25.5899999142
1409586245.0,25.0
1409586246.0,24.5899999142
1409586247.0,24.820000171700002
1409586248.0,25.5899999142
1409586249.0,25.0
1409586250.0,25.0
1409586251.0,24.5899999142
1409586252.0,24.4100000858
1409586253.0,25.0
1409586254.0,25.4100000858
1409586255.0,25.179999828299998
1409586256.0,23.5899999142
1409586257.0,24.2300002575
1409586258.0,25.5899999142
1409586259.0,25.0
1409586260.0,24.5899999142
1409586261.0,23.5899999142
1409586262.0,24.2300002575
1409586263.0,25.5899999142
1409586264.0,24.5899999142
1409586265.0,24.0
1409586266.0,24.4100000858
1409586267.0,24.5899999142
1409586268.0,23.5899999142
1409586269.0,23.4100000858
1409586270.0,24.4100000858
1409586271.0,24.179999828299998
1409586272.0,23.4100000858
1409586273.0,24.0
1409586274.0,24.0
1409586275.0,23.5899999142
1409586276.0,23.4100000858
1409586277.0,24.0
1409586278.0,24.0
1409586279.0,24.0
1409586280.0,23.5899999142
1409586281.0,23.820000171700002
1409586282.0,24.179999828299998
1409586283.0,23.820000171700002
1409586284.0,24.5899999142
1409586285.0,23.5899999142
1409586286.0,23.820000171700002
1409586287.0,24.5899999142
1409586288.0,24.4100000858
1409586289.0,24.5899999142
1409586290.0,24.0
1409586291.0,24.4100000858
1409586292.0,24.5899999142
1409586293.0,24.4100000858
1409586294.0,25.0
1409586295.0,24.5899999142
1409586296.0,24.0
1409586297.0,24.4100000858
1409586298.0,24.5899999142
1409586299.0,24.4100000858
1409586300.0,24.179999828299998
1409586301.0,23.820000171700002
1409586302.0,24.5899999142
1409586303.0,24.4100000858
1409586304.0,24.5899999142
1409586305.0,24.0
1409586306.0,24.0
1409586307.0,24.0
1409586308.0,24.4100000858
1409586309.0,25.0
1409586310.0,24.5899999142
1409586311.0,24.4100000858
1409586312.0,24.5899999142
1409586313.0,24.0
1409586314.0,24.0
1409586315.0,24.0
1409586316.0,24.0
1409586317.0,24.4100000858
1409586318.0,24.5899999142
1409586319.0,24.4100000858
1409586320.0,24.5899999142
1409586321.0,23.5899999142
1409586322.0,23.820000171700002
1409586323.0,24.5899999142
1409586324.0,24.4100000858
1409586325.0,24.5899999142
1409586326.0,24.0
1409586327.0,24.0
1409586328.0,23.5899999142
1409586329.0,23.4100000858
1409586330.0,24.0
1409586331.0,23.179999828299998
1409586332.0,22.4100000858
1409586333.0,23.0
1409586334.0,23.0
1409586335.0,23.0
1409586336.0,23.0
1409586337.0,23.0
1409586338.0,23.0
1409586339.0,23.4100000858
1409586340.0,23.5899999142
1409586341.0,23.4100000858
1409586342.0,24.0
1409586343.0,24.4100000858
1409586344.0,24.5899999142
1409586345.0,24.0
1409586346.0,24.4100000858
1409586347.0,24.179999828299998
1409586348.0,23.4100000858
1409586349.0,24.0
1409586350.0,24.0
1409586351.0,24.0
1409586352.0,23.5899999142
1409586353.0,23.0
1409586354.0,23.4100000858
1409586355.0,23.5899999142
1409586356.0,23.4100000858
1409586357.0,23.5899999142
1409586358.0,23.0
1409586359.0,23.4100000858
1409586360.0,24.0
1409586361.0,24.0
1409586362.0,24.0
1409586363.0,23.5899999142
1409586364.0,23.4100000858
1409586365.0,24.0
1409586366.0,24.0
1409586367.0,24.0
1409586368.0,24.0
1409586369.0,24.0
1409586370.0,23.5899999142
1409586371.0,23.820000171700002
1409586372.0,24.5899999142
1409586373.0,24.4100000858
1409586374.0,24.5899999142
1409586375.0,23.5899999142
1409586376.0,23.4100000858
1409586377.0,23.5899999142
1409586378.0,23.0
1409586379.0,23.4100000858
1409586380.0,23.5899999142
1409586381.0,23.0
1409586382.0,23.4100000858
1409586383.0,24.0
1409586384.0,23.5899999142
1409586385.0,23.820000171700002
1409586386.0,24.179999828299998
1409586387.0,23.0
1409586388.0,23.4100000858
1409586389.0,24.0
1409586390.0,24.0
1409586391.0,19.4899990559
1409586392.0,8.89999914169
1409586393.0,6.69000077248
1409586394.0,14.460000515
1409586395.0,16.7699997425
1409586396.0,14.589999914200002
1409586397.0,11.1299993992
1409586398.0,4.12999939919
1409586399.0,0.0
1409586400.0,0.0
1409586401.0,0.0
1409586402.0,0.0
1409586403.0,3.28000068665
1409586404.0,10.460000515
1409586405.0,14.0
1409586406.0,14.0
1409586407.0,14.0
1409586408.0,14.8200001717
1409586409.0,15.1799998283
1409586410.0,13.589999914200002
1409586411.0,13.410000085799998
1409586412.0,13.589999914200002
1409586413.0,14.640000343299999
1409586414.0,15.359999656700001
1409586415.0,13.0
1409586416.0,13.0
1409586417.0,13.410000085799998
1409586418.0,15.2300002575
1409586419.0,17.820000171700002
1409586420.0,16.539999485
1409586421.0,13.0
1409586422.0,13.0
1409586423.0,15.0500004292
1409586424.0,17.5899999142
1409586425.0,15.359999656700001
1409586426.0,13.0
1409586427.0,13.0
1409586428.0,15.0500004292
1409586429.0,15.9499995708
1409586430.0,13.0
1409586431.0,13.0
1409586432.0,13.0
1409586433.0,14.640000343299999
1409586434.0,15.359999656700001
1409586435.0,13.0
1409586436.0,13.0
1409586437.0,13.0
1409586438.0,14.640000343299999
1409586439.0,15.359999656700001
1409586440.0,13.0
1409586441.0,13.0
1409586442.0,13.0
1409586443.0,15.460000515
1409586444.0,17.3599996567
1409586445.0,14.1799998283
1409586446.0,13.0
1409586447.0,13.0
1409586448.0,14.640000343299999
1409586449.0,15.359999656700001
1409586450.0,13.0
1409586451.0,13.0
1409586452.0,13.410000085799998
1409586453.0,15.2300002575
1409586454.0,17.4100000858
1409586455.0,16.3599996567
1409586456.0,13.589999914200002
1409586457.0,13.0
1409586458.0,15.460000515
1409586459.0,16.9499995708
1409586460.0,13.589999914200002
1409586461.0,13.0
1409586462.0,13.410000085799998
1409586463.0,15.2300002575
1409586464.0,15.7699997425
1409586465.0,13.589999914200002
1409586466.0,13.0
1409586467.0,13.0
1409586468.0,15.460000515
1409586469.0,16.539999485
1409586470.0,13.0
1409586471.0,13.0
1409586472.0,13.0
1409586473.0,15.0500004292
1409586474.0,16.3599996567
1409586475.0,13.589999914200002
1409586476.0,13.410000085799998
1409586477.0,13.589999914200002
1409586478.0,14.640000343299999
1409586479.0,15.359999656700001
1409586480.0,13.410000085799998
1409586481.0,13.589999914200002
1409586482.0,13.0
1409586483.0,13.8200001717
1409586484.0,14.1799998283
1409586485.0,13.0
1409586486.0,13.0
1409586487.0,13.410000085799998
1409586488.0,14.8200001717
1409586489.0,14.7699997425
1409586490.0,13.410000085799998
1409586491.0,13.589999914200002
1409586492.0,13.0
1409586493.0,14.2300002575
1409586494.0,14.7699997425
1409586495.0,13.0
1409586496.0,13.0
1409586497.0,13.0
1409586498.0,14.640000343299999
1409586499.0,15.7699997425
1409586500.0,13.589999914200002
1409586501.0,13.0
1409586502.0,13.0
1409586503.0,13.410000085799998
1409586504.0,14.0
1409586505.0,13.589999914200002
1409586506.0,13.0
1409586507.0,13.0
1409586508.0,14.2300002575
1409586509.0,14.7699997425
1409586510.0,13.0
1409586511.0,13.410000085799998
1409586512.0,13.589999914200002
1409586513.0,14.2300002575
1409586514.0,14.7699997425
1409586515.0,13.0
1409586516.0,13.410000085799998
1409586517.0,13.589999914200002
1409586518.0,13.8200001717
1409586519.0,14.589999914200002
1409586520.0,13.589999914200002
1409586521.0,13.0
1409586522.0,13.0
1409586523.0,14.2300002575
1409586524.0,14.7699997425
1409586525.0,13.410000085799998
1409586526.0,13.589999914200002
1409586527.0,13.0
1409586528.0,14.640000343299999
1409586529.0,15.359999656700001
1409586530.0,13.0
1409586531.0,13.410000085799998
1409586532.0,13.589999914200002
1409586533.0,14.640000343299999
1409586534.0,15.359999656700001
1409586535.0,13.0
1409586536.0,13.0
1409586537.0,13.0
1409586538.0,15.0500004292
1409586539.0,15.9499995708
1409586540.0,13.0
1409586541.0,13.0
1409586542.0,13.0
1409586543.0,15.460000515
1409586544.0,16.539999485
1409586545.0,13.0
1409586546.0,13.0
1409586547.0,13.0
1409586548.0,15.0500004292
1409586549.0,18.820000171700002
1409586550.0,17.539999485
1409586551.0,13.589999914200002
1409586552.0,13.0
1409586553.0,15.460000515
1409586554.0,17.3599996567
1409586555.0,14.1799998283
1409586556.0,13.0
1409586557.0,13.0
1409586558.0,15.460000515
1409586559.0,17.3599996567
1409586560.0,14.1799998283
1409586561.0,13.0
1409586562.0,13.410000085799998
1409586563.0,15.640000343299999
1409586564.0,15.9499995708
1409586565.0,13.0
1409586566.0,13.0
1409586567.0,13.0
1409586568.0,14.2300002575
1409586569.0,14.7699997425
1409586570.0,13.0
1409586571.0,13.0
1409586572.0,13.0
1409586573.0,15.0500004292
1409586574.0,15.9499995708
1409586575.0,13.0
1409586576.0,13.0
1409586577.0,13.0
1409586578.0,15.0500004292
1409586579.0,15.9499995708
1409586580.0,13.0
1409586581.0,13.0
1409586582.0,13.0
1409586583.0,15.0500004292
1409586584.0,16.7699997425
1409586585.0,14.1799998283
1409586586.0,13.0
1409586587.0,13.0
1409586588.0,15.460000515
1409586589.0,17.3599996567
1409586590.0,14.1799998283
1409586591.0,13.0
1409586592.0,13.0
1409586593.0,15.460000515
1409586594.0,17.7699997425
1409586595.0,14.7699997425
1409586596.0,13.410000085799998
1409586597.0,13.589999914200002
1409586598.0,15.0500004292
1409586599.0,16.3599996567
1409586600.0,13.589999914200002
1409586601.0,13.410000085799998
1409586602.0,13.589999914200002
1409586603.0,15.460000515
1409586604.0,16.539999485
1409586605.0,13.0
1409586606.0,13.0
1409586607.0,13.0
1409586608.0,15.460000515
1409586609.0,18.179999828299998
1409586610.0,15.359999656700001
1409586611.0,13.410000085799998
1409586612.0,13.589999914200002
1409586613.0,15.0500004292
1409586614.0,17.5899999142
1409586615.0,15.359999656700001
1409586616.0,13.410000085799998
1409586617.0,13.589999914200002
1409586618.0,15.0500004292
1409586619.0,16.3599996567
1409586620.0,13.589999914200002
1409586621.0,13.0
1409586622.0,13.0
1409586623.0,15.460000515
1409586624.0,16.9499995708
1409586625.0,13.589999914200002
1409586626.0,13.410000085799998
1409586627.0,13.589999914200002
1409586628.0,15.460000515
1409586629.0,16.539999485
1409586630.0,13.0
1409586631.0,13.0
1409586632.0,13.0
1409586633.0,15.0500004292
1409586634.0,15.9499995708
1409586635.0,13.0
1409586636.0,13.0
1409586637.0,13.0
1409586638.0,15.0500004292
1409586639.0,15.9499995708
1409586640.0,13.410000085799998
1409586641.0,13.589999914200002
1409586642.0,13.0
1409586643.0,15.460000515
1409586644.0,19.0
1409586645.0,16.539999485
1409586646.0,13.0
1409586647.0,13.0
1409586648.0,15.0500004292
1409586649.0,18.820000171700002
1409586650.0,17.1299993992
1409586651.0,13.0
1409586652.0,13.410000085799998
1409586653.0,16.0500004292
1409586654.0,19.4100000858
1409586655.0,17.1299993992
1409586656.0,13.0
1409586657.0,13.0
1409586658.0,15.8700006008
1409586659.0,20.4100000858
1409586660.0,17.7199993134
1409586661.0,13.0
1409586662.0,13.410000085799998
1409586663.0,15.640000343299999
1409586664.0,20.460000515
1409586665.0,19.8999991417
1409586666.0,13.589999914200002
1409586667.0,13.410000085799998
1409586668.0,16.0500004292
1409586669.0,21.0500004292
1409586670.0,24.0
1409586671.0,19.8999991417
1409586672.0,14.0
1409586673.0,16.0500004292
1409586674.0,20.6400003433
1409586675.0,23.4100000858
1409586676.0,22.7699997425
1409586677.0,17.7199993134
1409586678.0,15.460000515
1409586679.0,21.0500004292
1409586680.0,24.0
1409586681.0,24.0
1409586682.0,22.7699997425
1409586683.0,20.5899999142
1409586684.0,21.6400003433
1409586685.0,24.0
1409586686.0,24.0
1409586687.0,24.0
1409586688.0,23.5899999142
1409586689.0,23.4100000858
1409586690.0,24.0
1409586691.0,24.0
1409586692.0,24.0
1409586693.0,24.4100000858
1409586694.0,24.5899999142
1409586695.0,24.0
1409586696.0,24.4100000858
1409586697.0,25.4100000858
1409586698.0,25.5899999142
1409586699.0,24.5899999142
1409586700.0,24.4100000858
1409586701.0,24.5899999142
1409586702.0,24.4100000858
1409586703.0,24.5899999142
1409586704.0,24.820000171700002
1409586705.0,25.179999828299998
1409586706.0,24.4100000858
1409586707.0,25.0
1409586708.0,25.0
1409586709.0,25.0
1409586710.0,25.0
1409586711.0,25.0
1409586712.0,25.0
1409586713.0,25.0
1409586714.0,24.5899999142
1409586715.0,24.4100000858
1409586716.0,25.0
1409586717.0,25.4100000858
1409586718.0,25.5899999142
1409586719.0,24.5899999142
1409586720.0,24.820000171700002
1409586721.0,25.5899999142
1409586722.0,25.0
1409586723.0,25.0
1409586724.0,24.5899999142
1409586725.0,24.820000171700002
1409586726.0,25.179999828299998
1409586727.0,24.4100000858
1409586728.0,25.0
1409586729.0,25.0
1409586730.0,25.0
1409586731.0,25.0
1409586732.0,25.0
1409586733.0,25.0
1409586734.0,24.5899999142
1409586735.0,24.820000171700002
1409586736.0,25.179999828299998
1409586737.0,24.4100000858
1409586738.0,25.0
1409586739.0,25.0
1409586740.0,24.5899999142
1409586741.0,24.820000171700002
1409586742.0,25.5899999142
1409586743.0,25.4100000858
1409586744.0,25.5899999142
1409586745.0,25.0
1409586746.0,25.0
1409586747.0,25.4100000858
1409586748.0,26.0
1409586749.0,25.5899999142
1409586750.0,24.5899999142
1409586751.0,24.820000171700002
1409586752.0,26.0
1409586753.0,26.0
1409586754.0,26.0
1409586755.0,25.179999828299998
1409586756.0,24.4100000858
1409586757.0,25.4100000858
1409586758.0,26.0
1409586759.0,25.5899999142
1409586760.0,25.0
1409586761.0,25.0
1409586762.0,25.0
1409586763.0,25.4100000858
1409586764.0,25.5899999142
1409586765.0,25.0
1409586766.0,25.0
1409586767.0,25.4100000858
1409586768.0,26.0
1409586769.0,25.5899999142
1409586770.0,24.5899999142
1409586771.0,24.820000171700002
1409586772.0,25.5899999142
1409586773.0,25.0
1409586774.0,22.9499995708
1409586775.0,19.5899999142
1409586776.0,21.460000515
1409586777.0,25.820000171700002
1409586778.0,23.719999313400002
1409586779.0,19.0
1409586780.0,19.820000171700002
1409586781.0,23.8700006008
1409586782.0,28.0
1409586783.0,24.3099992275
1409586784.0,18.179999828299998
1409586785.0,19.460000515
1409586786.0,24.6400003433
1409586787.0,27.4100000858
1409586788.0,24.3099992275
1409586789.0,18.179999828299998
1409586790.0,19.8700006008
1409586791.0,26.460000515
1409586792.0,28.7699997425
1409586793.0,24.539999485
1409586794.0,18.539999485
1409586795.0,17.460000515
1409586796.0,23.8700006008
1409586797.0,28.4100000858
1409586798.0,26.539999485
1409586799.0,20.9499995708
1409586800.0,20.0500004292
1409586801.0,25.0500004292
1409586802.0,28.4100000858
1409586803.0,27.3599996567
1409586804.0,22.1299993992
1409586805.0,17.179999828299998
1409586806.0,20.92000103
1409586807.0,27.5899999142
1409586808.0,23.3099992275
1409586809.0,19.2300002575
1409586810.0,23.460000515
1409586811.0,27.0
1409586812.0,27.4100000858
1409586813.0,24.3099992275
1409586814.0,18.5899999142
1409586815.0,18.820000171700002
1409586816.0,22.0500004292
1409586817.0,24.5899999142
1409586818.0,21.9499995708
1409586819.0,16.539999485
1409586820.0,15.8700006008
1409586821.0,21.2300002575
1409586822.0,25.0500004292
1409586823.0,24.719999313400002
1409586824.0,18.3599996567
1409586825.0,18.0500004292
1409586826.0,24.280000686599998
1409586827.0,28.179999828299998
1409586828.0,26.5899999142
1409586829.0,21.8999991417
1409586830.0,18.460000515
1409586831.0,24.0500004292
1409586832.0,28.2300002575
1409586833.0,27.9499995708
1409586834.0,20.4899990559
1409586835.0,15.640000343299999
1409586836.0,22.1000008583
1409586837.0,26.3599996567
1409586838.0,21.9499995708
1409586839.0,18.5899999142
1409586840.0,18.820000171700002
1409586841.0,22.8700006008
1409586842.0,27.4100000858
1409586843.0,24.3099992275
1409586844.0,17.7699997425
1409586845.0,20.1000008583
1409586846.0,26.4100000858
1409586847.0,27.0
1409586848.0,24.1299993992
1409586849.0,18.7699997425
1409586850.0,20.2800006866
1409586851.0,25.820000171700002
1409586852.0,27.4100000858
1409586853.0,24.719999313400002
1409586854.0,19.179999828299998
1409586855.0,20.460000515
1409586856.0,25.6400003433
1409586857.0,28.4100000858
1409586858.0,26.539999485
1409586859.0,18.4899990559
1409586860.0,15.6900007725
1409586861.0,22.6400003433
1409586862.0,23.7699997425
1409586863.0,21.5899999142
1409586864.0,18.1299993992
1409586865.0,13.589999914200002
1409586866.0,15.8700006008
1409586867.0,23.6900007725
1409586868.0,25.719999313400002
1409586869.0,20.179999828299998
1409586870.0,23.5100009441
1409586871.0,30.0
1409586872.0,29.179999828299998
1409586873.0,25.539999485
1409586874.0,21.179999828299998
1409586875.0,24.1000008583
1409586876.0,29.179999828299998
1409586877.0,28.4100000858
1409586878.0,25.719999313400002
1409586879.0,18.9499995708
1409586880.0,18.0500004292
1409586881.0,24.6900007725
1409586882.0,29.179999828299998
1409586883.0,25.9499995708
1409586884.0,22.5899999142
1409586885.0,22.0
1409586886.0,24.460000515
1409586887.0,28.4100000858
1409586888.0,27.3599996567
1409586889.0,24.5899999142
1409586890.0,24.0
1409586891.0,24.4100000858
1409586892.0,24.5899999142
1409586893.0,24.4100000858
1409586894.0,25.0
1409586895.0,24.5899999142
1409586896.0,24.0
1409586897.0,24.4100000858
1409586898.0,25.0
1409586899.0,24.5899999142
1409586900.0,24.0
1409586901.0,24.0
1409586902.0,24.4100000858
1409586903.0,24.5899999142
1409586904.0,24.0
1409586905.0,24.0
1409586906.0,24.0
1409586907.0,24.4100000858
1409586908.0,24.5899999142
1409586909.0,24.4100000858
1409586910.0,24.179999828299998
1409586911.0,23.820000171700002
1409586912.0,25.0
1409586913.0,24.5899999142
1409586914.0,24.4100000858
1409586915.0,24.5899999142
1409586916.0,24.0
1409586917.0,24.4100000858
1409586918.0,25.0
1409586919.0,21.719999313400002
1409586920.0,14.9499995708
1409586921.0,16.1000008583
1409586922.0,23.2300002575
1409586923.0,22.9499995708
1409586924.0,21.6400003433
1409586925.0,24.0
1409586926.0,24.0
1409586927.0,24.0
1409586928.0,23.5899999142
1409586929.0,23.4100000858
1409586930.0,24.0
1409586931.0,24.0
1409586932.0,24.0
1409586933.0,24.0
1409586934.0,24.0
1409586935.0,24.0
1409586936.0,24.0
1409586937.0,24.0
1409586938.0,24.0
1409586939.0,24.0
1409586940.0,24.0
1409586941.0,24.0
1409586942.0,24.0
1409586943.0,24.0
1409586944.0,24.0
1409586945.0,24.0
1409586946.0,24.0
1409586947.0,24.0
1409586948.0,24.0
1409586949.0,24.0
1409586950.0,24.0
1409586951.0,24.0
1409586952.0,24.0
1409586953.0,23.5899999142
1409586954.0,23.4100000858
1409586955.0,24.0
1409586956.0,24.0
1409586957.0,24.0
1409586958.0,24.0
1409586959.0,24.0
1409586960.0,24.0
1409586961.0,24.0
1409586962.0,24.0
1409586963.0,24.0
1409586964.0,24.0
1409586965.0,24.0
1409586966.0,24.0
1409586967.0,24.0
1409586968.0,24.0
1409586969.0,24.0
1409586970.0,24.0
1409586971.0,24.0
1409586972.0,24.0
1409586973.0,24.0
1409586974.0,24.0
1409586975.0,24.0
1409586976.0,24.0
1409586977.0,24.0
1409586978.0,24.0
1409586979.0,24.0
1409586980.0,24.0
1409586981.0,21.539999485
1409586982.0,15.9499995708
1409586983.0,15.460000515
1409586984.0,20.2300002575
1409586985.0,18.3099992275
1409586986.0,13.0
1409586987.0,13.0
1409586988.0,15.0500004292
1409586989.0,18.820000171700002
1409586990.0,17.1299993992
1409586991.0,13.0
1409586992.0,13.0
1409586993.0,15.460000515
1409586994.0,21.0500004292
1409586995.0,22.3599996567
1409586996.0,17.539999485
1409586997.0,13.589999914200002
1409586998.0,15.0500004292
1409586999.0,16.7699997425
1409587000.0,14.589999914200002
1409587001.0,13.589999914200002
1409587002.0,13.0
1409587003.0,15.0500004292
1409587004.0,18.0
1409587005.0,15.9499995708
1409587006.0,13.0
1409587007.0,13.0
1409587008.0,15.0500004292
1409587009.0,17.5899999142
1409587010.0,15.359999656700001
1409587011.0,13.0
1409587012.0,13.410000085799998
1409587013.0,15.640000343299999
1409587014.0,16.7699997425
1409587015.0,14.1799998283
1409587016.0,13.0
1409587017.0,13.0
1409587018.0,15.460000515
1409587019.0,16.9499995708
1409587020.0,13.589999914200002
1409587021.0,13.0
1409587022.0,13.410000085799998
1409587023.0,16.0500004292
1409587024.0,19.0
1409587025.0,16.539999485
1409587026.0,13.0
1409587027.0,13.0
1409587028.0,15.460000515
1409587029.0,19.0
1409587030.0,16.9499995708
1409587031.0,13.589999914200002
1409587032.0,13.0
1409587033.0,15.0500004292
1409587034.0,17.5899999142
1409587035.0,15.359999656700001
1409587036.0,13.0
1409587037.0,13.0
1409587038.0,15.0500004292
1409587039.0,17.179999828299998
1409587040.0,14.7699997425
1409587041.0,13.0
1409587042.0,13.0
1409587043.0,15.0500004292
1409587044.0,20.0500004292
1409587045.0,18.8999991417
1409587046.0,13.0
1409587047.0,13.410000085799998
1409587048.0,15.640000343299999
1409587049.0,16.7699997425
1409587050.0,14.1799998283
1409587051.0,13.0
1409587052.0,13.410000085799998
1409587053.0,15.640000343299999
1409587054.0,16.7699997425
1409587055.0,14.1799998283
1409587056.0,13.0
1409587057.0,13.0
1409587058.0,15.460000515
1409587059.0,17.3599996567
1409587060.0,14.1799998283
1409587061.0,13.410000085799998
1409587062.0,13.589999914200002
1409587063.0,15.0500004292
1409587064.0,15.9499995708
1409587065.0,13.0
1409587066.0,13.0
1409587067.0,13.0
1409587068.0,14.640000343299999
1409587069.0,15.7699997425
1409587070.0,13.589999914200002
1409587071.0,13.0
1409587072.0,13.0
1409587073.0,15.0500004292
1409587074.0,15.9499995708
1409587075.0,13.0
1409587076.0,13.0
1409587077.0,13.0
1409587078.0,14.2300002575
1409587079.0,14.7699997425
1409587080.0,13.0
1409587081.0,13.0
1409587082.0,13.0
1409587083.0,14.640000343299999
1409587084.0,15.359999656700001
1409587085.0,13.0
1409587086.0,13.0
1409587087.0,13.0
1409587088.0,14.640000343299999
1409587089.0,15.359999656700001
1409587090.0,13.0
1409587091.0,13.0
1409587092.0,13.0
1409587093.0,14.640000343299999
1409587094.0,15.359999656700001
1409587095.0,13.410000085799998
1409587096.0,13.589999914200002
1409587097.0,13.0
1409587098.0,13.410000085799998
1409587099.0,13.589999914200002
1409587100.0,13.410000085799998
1409587101.0,13.589999914200002
1409587102.0,13.0
1409587103.0,14.2300002575
1409587104.0,14.7699997425
1409587105.0,13.0
1409587106.0,13.0
1409587107.0,13.0
1409587108.0,13.8200001717
1409587109.0,14.1799998283
1409587110.0,13.0
1409587111.0,13.0
1409587112.0,13.0
1409587113.0,14.2300002575
1409587114.0,14.7699997425
1409587115.0,13.0
1409587116.0,13.0
1409587117.0,13.0
1409587118.0,14.2300002575
1409587119.0,14.7699997425
1409587120.0,13.0
1409587121.0,13.410000085799998
1409587122.0,13.589999914200002
1409587123.0,13.410000085799998
1409587124.0,13.589999914200002
1409587125.0,13.0
1409587126.0,13.0
1409587127.0,13.410000085799998
1409587128.0,14.410000085799998
1409587129.0,14.1799998283
1409587130.0,13.0
1409587131.0,13.0
1409587132.0,13.0
1409587133.0,13.8200001717
1409587134.0,14.589999914200002
1409587135.0,13.589999914200002
1409587136.0,13.0
1409587137.0,13.0
1409587138.0,13.8200001717
1409587139.0,14.1799998283
1409587140.0,13.0
1409587141.0,13.410000085799998
1409587142.0,13.589999914200002
1409587143.0,13.8200001717
1409587144.0,14.1799998283
1409587145.0,13.0
1409587146.0,13.0
1409587147.0,13.0
1409587148.0,14.2300002575
1409587149.0,14.7699997425
1409587150.0,13.0
1409587151.0,13.410000085799998
1409587152.0,13.589999914200002
1409587153.0,13.8200001717
1409587154.0,14.1799998283
1409587155.0,13.0
1409587156.0,13.0
1409587157.0,13.0
1409587158.0,13.8200001717
1409587159.0,14.1799998283
1409587160.0,13.410000085799998
1409587161.0,13.589999914200002
1409587162.0,13.0
1409587163.0,13.8200001717
1409587164.0,14.1799998283
1409587165.0,13.0
1409587166.0,13.0
1409587167.0,13.0
1409587168.0,13.8200001717
1409587169.0,14.589999914200002
1409587170.0,13.589999914200002
1409587171.0,13.0
1409587172.0,13.0
1409587173.0,13.8200001717
1409587174.0,14.1799998283
1409587175.0,13.0
1409587176.0,13.0
1409587177.0,13.0
1409587178.0,13.8200001717
1409587179.0,14.1799998283
1409587180.0,13.410000085799998
1409587181.0,13.589999914200002
1409587182.0,13.0
1409587183.0,13.8200001717
1409587184.0,14.1799998283
1409587185.0,13.0
1409587186.0,13.0
1409587187.0,13.0
1409587188.0,13.410000085799998
1409587189.0,14.0
1409587190.0,13.589999914200002
1409587191.0,13.0
1409587192.0,13.0
1409587193.0,13.8200001717
1409587194.0,14.1799998283
1409587195.0,13.0
1409587196.0,13.0
1409587197.0,13.0
1409587198.0,14.2300002575
1409587199.0,14.7699997425
1409587200.0,13.0
1409587201.0,13.0
1409587202.0,13.0
1409587203.0,13.8200001717
1409587204.0,14.1799998283
1409587205.0,13.0
1409587206.0,13.0
1409587207.0,13.410000085799998
1409587208.0,14.410000085799998
1409587209.0,14.1799998283
1409587210.0,13.0
1409587211.0,13.0
1409587212.0,13.0
1409587213.0,13.8200001717
1409587214.0,14.1799998283
1409587215.0,13.0
1409587216.0,13.0
1409587217.0,13.0
1409587218.0,13.8200001717
1409587219.0,14.1799998283
1409587220.0,13.410000085799998
1409587221.0,13.589999914200002
1409587222.0,13.0
1409587223.0,13.8200001717
1409587224.0,14.1799998283
1409587225.0,13.0
1409587226.0,13.0
1409587227.0,13.0
1409587228.0,13.8200001717
1409587229.0,14.589999914200002
1409587230.0,13.589999914200002
1409587231.0,13.0
1409587232.0,13.0
1409587233.0,13.8200001717
1409587234.0,14.589999914200002
1409587235.0,13.589999914200002
1409587236.0,13.0
1409587237.0,13.0
1409587238.0,14.640000343299999
1409587239.0,15.359999656700001
1409587240.0,13.0
1409587241.0,13.0
1409587242.0,13.0
1409587243.0,14.640000343299999
1409587244.0,15.359999656700001
1409587245.0,13.0
1409587246.0,13.0
1409587247.0,13.0
1409587248.0,14.640000343299999
1409587249.0,15.359999656700001
1409587250.0,13.0
1409587251.0,13.0
1409587252.0,13.0
1409587253.0,14.2300002575
1409587254.0,15.1799998283
1409587255.0,13.589999914200002
1409587256.0,13.0
1409587257.0,13.0
1409587258.0,14.640000343299999
1409587259.0,15.359999656700001
1409587260.0,13.0
1409587261.0,13.0
1409587262.0,13.0
1409587263.0,15.0500004292
1409587264.0,15.9499995708
1409587265.0,13.0
1409587266.0,13.0
1409587267.0,13.0
1409587268.0,15.0500004292
1409587269.0,16.3599996567
1409587270.0,13.589999914200002
1409587271.0,13.0
1409587272.0,13.0
1409587273.0,15.460000515
1409587274.0,16.539999485
1409587275.0,13.0
1409587276.0,13.410000085799998
1409587277.0,13.589999914200002
1409587278.0,14.640000343299999
1409587279.0,15.7699997425
1409587280.0,13.589999914200002
1409587281.0,13.410000085799998
1409587282.0,13.589999914200002
1409587283.0,14.640000343299999
1409587284.0,15.7699997425
1409587285.0,13.589999914200002
1409587286.0,13.0
1409587287.0,13.0
1409587288.0,15.460000515
1409587289.0,16.539999485
1409587290.0,13.0
1409587291.0,13.410000085799998
1409587292.0,13.589999914200002
1409587293.0,15.0500004292
1409587294.0,16.3599996567
1409587295.0,13.589999914200002
1409587296.0,13.0
1409587297.0,13.410000085799998
1409587298.0,15.2300002575
1409587299.0,15.7699997425
1409587300.0,13.589999914200002
1409587301.0,13.0
1409587302.0,13.0
1409587303.0,14.640000343299999
1409587304.0,15.359999656700001
1409587305.0,13.0
1409587306.0,13.0
1409587307.0,13.0
1409587308.0,15.460000515
1409587309.0,17.3599996567
1409587310.0,14.1799998283
1409587311.0,13.0
1409587312.0,13.0
1409587313.0,15.0500004292
1409587314.0,17.179999828299998
1409587315.0,14.7699997425
1409587316.0,13.0
1409587317.0,13.0
1409587318.0,15.460000515
1409587319.0,17.7699997425
1409587320.0,15.1799998283
1409587321.0,13.589999914200002
1409587322.0,13.0
1409587323.0,14.640000343299999
1409587324.0,15.7699997425
1409587325.0,13.589999914200002
1409587326.0,13.0
1409587327.0,13.0
1409587328.0,15.0500004292
1409587329.0,20.460000515
1409587330.0,19.4899990559
1409587331.0,13.0
1409587332.0,13.0
1409587333.0,15.8700006008
1409587334.0,20.0
1409587335.0,17.1299993992
1409587336.0,13.0
1409587337.0,13.410000085799998
1409587338.0,16.0500004292
1409587339.0,21.0500004292
1409587340.0,24.0
1409587341.0,24.0
1409587342.0,21.9499995708
1409587343.0,19.4100000858
1409587344.0,21.6400003433
1409587345.0,24.0
1409587346.0,23.179999828299998
1409587347.0,18.3099992275
1409587348.0,15.460000515
1409587349.0,21.0500004292
1409587350.0,24.0
1409587351.0,19.4899990559
1409587352.0,13.0
1409587353.0,15.0500004292
1409587354.0,20.460000515
1409587355.0,24.0
1409587356.0,24.0
1409587357.0,24.0
1409587358.0,22.7699997425
1409587359.0,22.2300002575
1409587360.0,24.0
1409587361.0,24.0
1409587362.0,24.0
1409587363.0,23.5899999142
1409587364.0,23.4100000858
1409587365.0,24.0
1409587366.0,24.0
1409587367.0,24.4100000858
1409587368.0,25.0
1409587369.0,24.5899999142
1409587370.0,24.0
1409587371.0,24.0
1409587372.0,24.0
1409587373.0,23.5899999142
1409587374.0,23.4100000858
1409587375.0,24.0
1409587376.0,24.0
1409587377.0,24.0
1409587378.0,24.4100000858
1409587379.0,24.5899999142
1409587380.0,24.4100000858
1409587381.0,24.5899999142
1409587382.0,24.0
1409587383.0,24.4100000858
1409587384.0,24.5899999142
1409587385.0,24.0
1409587386.0,24.0
1409587387.0,24.0
1409587388.0,24.4100000858
1409587389.0,25.0
1409587390.0,24.5899999142
1409587391.0,24.0
1409587392.0,24.0
1409587393.0,24.4100000858
1409587394.0,24.5899999142
1409587395.0,24.0
1409587396.0,24.4100000858
1409587397.0,25.0
1409587398.0,24.5899999142
1409587399.0,24.4100000858
1409587400.0,24.5899999142
1409587401.0,24.4100000858
1409587402.0,24.5899999142
1409587403.0,24.0
1409587404.0,24.4100000858
1409587405.0,24.5899999142
1409587406.0,24.4100000858
1409587407.0,24.5899999142
1409587408.0,24.4100000858
1409587409.0,24.5899999142
1409587410.0,24.4100000858
1409587411.0,25.0
1409587412.0,25.4100000858
1409587413.0,25.5899999142
1409587414.0,24.5899999142
1409587415.0,24.4100000858
1409587416.0,25.0
1409587417.0,25.0
1409587418.0,25.0
1409587419.0,25.0
1409587420.0,25.0
1409587421.0,25.0
1409587422.0,25.4100000858
1409587423.0,26.0
1409587424.0,25.5899999142
1409587425.0,25.4100000858
1409587426.0,25.179999828299998
1409587427.0,24.820000171700002
1409587428.0,25.5899999142
1409587429.0,25.0
1409587430.0,25.0
1409587431.0,25.0
1409587432.0,25.0
1409587433.0,25.4100000858
1409587434.0,25.5899999142
1409587435.0,25.4100000858
1409587436.0,25.179999828299998
1409587437.0,24.820000171700002
1409587438.0,26.0
1409587439.0,25.179999828299998
1409587440.0,24.4100000858
1409587441.0,25.0
1409587442.0,25.4100000858
1409587443.0,25.5899999142
1409587444.0,25.0
1409587445.0,25.0
1409587446.0,25.0
1409587447.0,25.0
1409587448.0,25.0
1409587449.0,24.5899999142
1409587450.0,24.4100000858
1409587451.0,24.5899999142
1409587452.0,24.4100000858
1409587453.0,24.5899999142
1409587454.0,24.4100000858
1409587455.0,24.5899999142
1409587456.0,24.0
1409587457.0,24.4100000858
1409587458.0,25.0
1409587459.0,25.0
1409587460.0,24.5899999142
1409587461.0,24.4100000858
1409587462.0,25.4100000858
1409587463.0,25.5899999142
1409587464.0,24.5899999142
1409587465.0,24.4100000858
1409587466.0,25.0
1409587467.0,25.0
1409587468.0,25.0
1409587469.0,25.0
1409587470.0,25.0
1409587471.0,24.5899999142
1409587472.0,24.820000171700002
1409587473.0,25.5899999142
1409587474.0,25.0
1409587475.0,24.5899999142
1409587476.0,24.4100000858
1409587477.0,24.5899999142
1409587478.0,24.4100000858
1409587479.0,25.0
1409587480.0,24.5899999142
1409587481.0,24.0
1409587482.0,24.4100000858
1409587483.0,24.5899999142
1409587484.0,24.4100000858
1409587485.0,24.5899999142
1409587486.0,24.0
1409587487.0,24.0
1409587488.0,24.4100000858
1409587489.0,20.4899990559
1409587490.0,15.640000343299999
1409587491.0,22.5100009441
1409587492.0,28.5899999142
1409587493.0,24.719999313400002
1409587494.0,20.4100000858
1409587495.0,22.6400003433
1409587496.0,26.2300002575
1409587497.0,27.179999828299998
1409587498.0,23.1299993992
1409587499.0,19.0
1409587500.0,19.4100000858
1409587501.0,24.1000008583
1409587502.0,30.0
1409587503.0,25.07999897
1409587504.0,18.4100000858
1409587505.0,20.2300002575
1409587506.0,25.280000686599998
1409587507.0,29.5899999142
1409587508.0,26.1299993992
1409587509.0,21.179999828299998
1409587510.0,22.460000515
1409587511.0,27.2300002575
1409587512.0,28.5899999142
1409587513.0,26.3599996567
1409587514.0,21.9499995708
1409587515.0,21.0500004292
1409587516.0,26.0500004292
1409587517.0,28.5899999142
1409587518.0,27.179999828299998
1409587519.0,25.5899999142
1409587520.0,24.5899999142
1409587521.0,24.0
1409587522.0,24.4100000858
1409587523.0,25.0
1409587524.0,25.0
1409587525.0,24.5899999142
1409587526.0,24.0
1409587527.0,24.4100000858
1409587528.0,25.0
1409587529.0,24.5899999142
1409587530.0,19.8999991417
1409587531.0,20.1500012875
1409587532.0,28.5899999142
1409587533.0,24.719999313400002
1409587534.0,19.179999828299998
1409587535.0,20.460000515
1409587536.0,25.2300002575
1409587537.0,27.0
1409587538.0,23.719999313400002
1409587539.0,19.4100000858
1409587540.0,21.6400003433
1409587541.0,26.0500004292
1409587542.0,28.5899999142
1409587543.0,24.3099992275
1409587544.0,18.5899999142
1409587545.0,19.6400003433
1409587546.0,24.460000515
1409587547.0,27.5899999142
1409587548.0,24.539999485
1409587549.0,19.7699997425
1409587550.0,21.6900007725
1409587551.0,27.4100000858
1409587552.0,27.179999828299998
1409587553.0,25.5899999142
1409587554.0,20.07999897
1409587555.0,13.8200001717
1409587556.0,20.3300011158
1409587557.0,27.5899999142
1409587558.0,23.3099992275
1409587559.0,17.179999828299998
1409587560.0,17.6400003433
1409587561.0,24.1000008583
1409587562.0,29.179999828299998
1409587563.0,24.3099992275
1409587564.0,18.179999828299998
1409587565.0,19.460000515
1409587566.0,25.0500004292
1409587567.0,27.5899999142
1409587568.0,24.539999485
1409587569.0,20.179999828299998
1409587570.0,22.6900007725
1409587571.0,28.4100000858
1409587572.0,28.179999828299998
1409587573.0,24.1299993992
1409587574.0,18.7699997425
1409587575.0,19.8700006008
1409587576.0,25.6400003433
1409587577.0,28.0
1409587578.0,26.3599996567
1409587579.0,21.539999485
1409587580.0,19.6400003433
1409587581.0,24.8700006008
1409587582.0,28.5899999142
1409587583.0,27.179999828299998
1409587584.0,24.7699997425
1409587585.0,20.1299993992
1409587586.0,19.6900007725
1409587587.0,24.5899999142
1409587588.0,22.3599996567
1409587589.0,18.3599996567
1409587590.0,18.0500004292
1409587591.0,22.2300002575
1409587592.0,23.5899999142
1409587593.0,21.7699997425
1409587594.0,17.9499995708
1409587595.0,17.8700006008
1409587596.0,22.4100000858
1409587597.0,23.820000171700002
1409587598.0,23.3599996567
1409587599.0,18.9499995708
1409587600.0,18.460000515
1409587601.0,24.460000515
1409587602.0,27.5899999142
1409587603.0,24.539999485
1409587604.0,17.7199993134
1409587605.0,15.0500004292
1409587606.0,21.2800006866
1409587607.0,27.6400003433
1409587608.0,27.1299993992
1409587609.0,18.4899990559
1409587610.0,13.2300002575
1409587611.0,19.92000103
1409587612.0,26.179999828299998
1409587613.0,22.539999485
1409587614.0,19.4100000858
1409587615.0,20.4100000858
1409587616.0,23.460000515
1409587617.0,25.7699997425
1409587618.0,22.3599996567
1409587619.0,18.7699997425
1409587620.0,17.820000171700002
1409587621.0,22.280000686599998
1409587622.0,25.7699997425
1409587623.0,22.7699997425
1409587624.0,18.1299993992
1409587625.0,16.8700006008
1409587626.0,24.280000686599998
1409587627.0,26.9499995708
1409587628.0,23.179999828299998
1409587629.0,19.1299993992
1409587630.0,17.8700006008
1409587631.0,24.460000515
1409587632.0,28.820000171700002
1409587633.0,28.3599996567
1409587634.0,19.8499987125
1409587635.0,13.460000515
1409587636.0,20.6900007725
1409587637.0,24.7699997425
1409587638.0,21.7699997425
1409587639.0,17.539999485
1409587640.0,16.460000515
1409587641.0,20.820000171700002
1409587642.0,22.820000171700002
1409587643.0,22.3599996567
1409587644.0,18.7699997425
1409587645.0,18.6400003433
1409587646.0,24.280000686599998
1409587647.0,26.9499995708
1409587648.0,22.7699997425
1409587649.0,17.7199993134
1409587650.0,14.2300002575
1409587651.0,18.0500004292
1409587652.0,23.460000515
1409587653.0,24.539999485
1409587654.0,21.0
1409587655.0,24.6900007725
1409587656.0,29.5899999142
1409587657.0,28.5899999142
1409587658.0,25.9499995708
1409587659.0,17.6699988842
1409587660.0,13.280000686600001
1409587661.0,22.1000008583
1409587662.0,27.5899999142
1409587663.0,24.9499995708
1409587664.0,20.7699997425
1409587665.0,22.280000686599998
1409587666.0,27.4100000858
1409587667.0,28.0
1409587668.0,25.9499995708
1409587669.0,21.7699997425
1409587670.0,23.280000686599998
1409587671.0,28.820000171700002
1409587672.0,29.179999828299998
1409587673.0,25.1299993992
1409587674.0,19.7699997425
1409587675.0,22.1000008583
1409587676.0,28.0
1409587677.0,26.7699997425
1409587678.0,24.179999828299998
1409587679.0,19.3099992275
1409587680.0,17.2800006866
1409587681.0,24.8700006008
1409587682.0,29.0
1409587683.0,27.3599996567
1409587684.0,19.259998798399998
1409587685.0,13.460000515
1409587686.0,21.1000008583
1409587687.0,26.179999828299998
1409587688.0,22.1299993992
1409587689.0,15.9499995708
1409587690.0,14.640000343299999
1409587691.0,17.820000171700002
1409587692.0,20.6400003433
1409587693.0,23.4100000858
1409587694.0,24.0
1409587695.0,24.0
1409587696.0,24.0
1409587697.0,24.0
1409587698.0,24.0
1409587699.0,24.0
1409587700.0,24.0
1409587701.0,24.0
1409587702.0,24.0
1409587703.0,24.0
1409587704.0,24.0
1409587705.0,24.0
1409587706.0,24.0
1409587707.0,24.0
1409587708.0,24.0
1409587709.0,24.0
1409587710.0,24.0
1409587711.0,24.0
1409587712.0,24.0
1409587713.0,23.5899999142
1409587714.0,23.4100000858
1409587715.0,24.0
1409587716.0,24.0
1409587717.0,24.0
1409587718.0,24.0
1409587719.0,24.0
1409587720.0,24.0
1409587721.0,24.0
1409587722.0,24.0
1409587723.0,24.0
1409587724.0,24.0
1409587725.0,24.0
1409587726.0,24.0
1409587727.0,24.0
1409587728.0,24.0
1409587729.0,24.0
1409587730.0,24.0
1409587731.0,24.0
1409587732.0,24.0
1409587733.0,24.0
1409587734.0,24.0
1409587735.0,24.0
1409587736.0,24.0
1409587737.0,24.0
1409587738.0,24.0
1409587739.0,24.0
1409587740.0,24.0
1409587741.0,24.0
1409587742.0,24.0
1409587743.0,24.0
1409587744.0,24.0
1409587745.0,24.0
1409587746.0,24.0
1409587747.0,24.0
1409587748.0,24.0
1409587749.0,24.0
1409587750.0,24.0
1409587751.0,24.0
1409587752.0,24.0
1409587753.0,23.5899999142
1409587754.0,23.4100000858
1409587755.0,24.0
1409587756.0,24.0
1409587757.0,24.0
1409587758.0,24.0
1409587759.0,24.0
1409587760.0,24.0
1409587761.0,24.0
1409587762.0,24.0
1409587763.0,24.0
1409587764.0,24.0
1409587765.0,24.0
1409587766.0,24.0
1409587767.0,24.0
1409587768.0,24.0
1409587769.0,24.0
1409587770.0,24.0
1409587771.0,24.0
1409587772.0,24.0
1409587773.0,24.0
1409587774.0,24.0
1409587775.0,24.0
1409587776.0,24.0
1409587777.0,24.0
1409587778.0,24.0
1409587779.0,24.0
1409587780.0,24.0
1409587781.0,24.0
1409587782.0,24.0
1409587783.0,24.0
1409587784.0,24.0
1409587785.0,24.0
1409587786.0,24.0
1409587787.0,24.0
1409587788.0,24.0
1409587789.0,24.0
1409587790.0,24.0
1409587791.0,24.0
1409587792.0,24.0
1409587793.0,23.5899999142
1409587794.0,23.4100000858
1409587795.0,24.0
1409587796.0,24.0
1409587797.0,24.0
1409587798.0,24.0
1409587799.0,24.0
1409587800.0,24.0
1409587801.0,24.0
1409587802.0,24.0
1409587803.0,24.0
1409587804.0,24.0
1409587805.0,24.0
1409587806.0,24.0
1409587807.0,24.0
1409587808.0,24.0
1409587809.0,24.0
1409587810.0,24.0
1409587811.0,24.0
1409587812.0,24.0
1409587813.0,24.0
1409587814.0,24.0
1409587815.0,24.0
1409587816.0,24.0
1409587817.0,24.0
1409587818.0,24.0
1409587819.0,24.0
1409587820.0,24.0
1409587821.0,24.0
1409587822.0,24.0
1409587823.0,24.0
1409587824.0,24.0
1409587825.0,24.0
1409587826.0,24.0
1409587827.0,24.0
1409587828.0,24.0
1409587829.0,24.0
1409587830.0,24.0
1409587831.0,24.0
1409587832.0,24.0
1409587833.0,24.0
1409587834.0,24.0
1409587835.0,24.0
1409587836.0,24.0
1409587837.0,24.0
1409587838.0,23.5899999142
1409587839.0,23.4100000858
1409587840.0,24.0
1409587841.0,24.0
1409587842.0,24.0
1409587843.0,24.0
1409587844.0,24.0
1409587845.0,24.0
1409587846.0,24.0
1409587847.0,24.0
1409587848.0,24.0
1409587849.0,24.0
1409587850.0,24.0
1409587851.0,24.0
1409587852.0,24.0
1409587853.0,24.0
1409587854.0,24.0
1409587855.0,24.0
1409587856.0,24.0
1409587857.0,24.0
1409587858.0,24.0
1409587859.0,24.0
1409587860.0,24.0
1409587861.0,24.0
1409587862.0,24.0
1409587863.0,24.0
1409587864.0,24.0
1409587865.0,24.0
1409587866.0,24.0
1409587867.0,24.0
1409587868.0,24.0
1409587869.0,24.0
1409587870.0,24.0
1409587871.0,24.0
1409587872.0,24.0
1409587873.0,24.0
1409587874.0,24.0
1409587875.0,24.0
1409587876.0,24.0
1409587877.0,24.0
1409587878.0,23.5899999142
1409587879.0,23.4100000858
1409587880.0,24.0
1409587881.0,24.0
1409587882.0,24.0
1409587883.0,24.0
1409587884.0,24.0
1409587885.0,24.0
1409587886.0,24.0
1409587887.0,24.0
1409587888.0,24.0
1409587889.0,24.0
1409587890.0,24.0
1409587891.0,24.0
1409587892.0,24.0
1409587893.0,24.0
1409587894.0,24.0
1409587895.0,24.0
1409587896.0,24.0
1409587897.0,24.0
1409587898.0,24.0
1409587899.0,24.0
1409587900.0,24.0
1409587901.0,24.0
1409587902.0,24.0
1409587903.0,24.0
1409587904.0,24.0
1409587905.0,24.0
1409587906.0,24.0
1409587907.0,24.0
1409587908.0,24.0
1409587909.0,24.0
1409587910.0,24.0
1409587911.0,24.0
1409587912.0,24.0
1409587913.0,24.0
1409587914.0,24.0
1409587915.0,24.0
1409587916.0,24.0
1409587917.0,24.0
1409587918.0,24.0
1409587919.0,24.0
1409587920.0,24.0
1409587921.0,24.0
1409587922.0,24.0
1409587923.0,24.0
1409587924.0,24.0
1409587925.0,24.0
1409587926.0,24.0
1409587927.0,24.0
1409587928.0,24.0
1409587929.0,24.0
1409587930.0,24.0
1409587931.0,24.0
1409587932.0,24.0
1409587933.0,24.0
1409587934.0,24.0
1409587935.0,24.0
1409587936.0,24.0
1409587937.0,24.0
1409587938.0,24.0
1409587939.0,24.0
1409587940.0,24.0
1409587941.0,24.0
1409587942.0,24.0
1409587943.0,24.0
1409587944.0,21.539999485
1409587945.0,15.9499995708
1409587946.0,13.0
1409587947.0,13.410000085799998
1409587948.0,15.640000343299999
1409587949.0,15.9499995708
1409587950.0,13.0
1409587951.0,13.410000085799998
1409587952.0,13.589999914200002
1409587953.0,14.640000343299999
1409587954.0,17.0
1409587955.0,15.359999656700001
1409587956.0,13.0
1409587957.0,13.410000085799998
1409587958.0,15.640000343299999
1409587959.0,18.820000171700002
1409587960.0,17.1299993992
1409587961.0,13.0
1409587962.0,13.0
1409587963.0,15.460000515
1409587964.0,19.4100000858
1409587965.0,17.1299993992
1409587966.0,13.0
1409587967.0,13.0
1409587968.0,15.460000515
1409587969.0,18.5899999142
1409587970.0,15.9499995708
1409587971.0,13.410000085799998
1409587972.0,13.589999914200002
1409587973.0,15.0500004292
1409587974.0,16.3599996567
1409587975.0,13.589999914200002
1409587976.0,13.0
1409587977.0,13.410000085799998
1409587978.0,15.2300002575
1409587979.0,15.359999656700001
1409587980.0,13.0
1409587981.0,13.0
1409587982.0,13.410000085799998
1409587983.0,14.8200001717
1409587984.0,15.1799998283
1409587985.0,13.589999914200002
1409587986.0,13.0
1409587987.0,13.0
1409587988.0,14.640000343299999
1409587989.0,15.359999656700001
1409587990.0,13.0
1409587991.0,13.0
1409587992.0,13.0
1409587993.0,14.2300002575
1409587994.0,14.7699997425
1409587995.0,13.0
1409587996.0,13.0
1409587997.0,13.410000085799998
1409587998.0,15.2300002575
1409587999.0,15.359999656700001
1409588000.0,13.410000085799998
1409588001.0,13.589999914200002
1409588002.0,13.0
1409588003.0,14.2300002575
1409588004.0,14.7699997425
1409588005.0,13.0
1409588006.0,13.0
1409588007.0,13.0
1409588008.0,14.640000343299999
1409588009.0,15.359999656700001
1409588010.0,13.0
1409588011.0,13.0
1409588012.0,13.0
1409588013.0,14.2300002575
1409588014.0,14.7699997425
1409588015.0,13.0
1409588016.0,13.410000085799998
1409588017.0,13.589999914200002
1409588018.0,15.0500004292
1409588019.0,16.3599996567
1409588020.0,13.589999914200002
1409588021.0,13.0
1409588022.0,13.410000085799998
1409588023.0,14.8200001717
1409588024.0,14.7699997425
1409588025.0,13.0
1409588026.0,13.0
1409588027.0,13.0
1409588028.0,14.2300002575
1409588029.0,14.7699997425
1409588030.0,13.0
1409588031.0,13.0
1409588032.0,13.410000085799998
1409588033.0,15.2300002575
1409588034.0,15.359999656700001
1409588035.0,13.0
1409588036.0,13.0
1409588037.0,13.0
1409588038.0,14.2300002575
1409588039.0,15.1799998283
1409588040.0,13.589999914200002
1409588041.0,13.0
1409588042.0,13.0
1409588043.0,14.2300002575
1409588044.0,14.7699997425
1409588045.0,13.0
1409588046.0,13.410000085799998
1409588047.0,13.589999914200002
1409588048.0,13.8200001717
1409588049.0,14.1799998283
1409588050.0,13.0
1409588051.0,13.410000085799998
1409588052.0,13.589999914200002
1409588053.0,14.2300002575
1409588054.0,14.7699997425
1409588055.0,13.0
1409588056.0,13.0
1409588057.0,13.410000085799998
1409588058.0,14.410000085799998
1409588059.0,14.1799998283
1409588060.0,13.0
1409588061.0,13.0
1409588062.0,13.0
1409588063.0,14.2300002575
1409588064.0,14.7699997425
1409588065.0,13.0
1409588066.0,13.0
1409588067.0,13.0
1409588068.0,13.8200001717
1409588069.0,14.1799998283
1409588070.0,13.0
1409588071.0,13.0
1409588072.0,13.410000085799998
1409588073.0,14.8200001717
1409588074.0,14.7699997425
1409588075.0,13.0
1409588076.0,13.0
1409588077.0,13.0
1409588078.0,15.0500004292
1409588079.0,15.9499995708
1409588080.0,13.0
1409588081.0,13.0
1409588082.0,13.0
1409588083.0,14.640000343299999
1409588084.0,15.7699997425
1409588085.0,13.589999914200002
1409588086.0,13.0
1409588087.0,13.0
1409588088.0,14.2300002575
1409588089.0,14.7699997425
1409588090.0,13.0
1409588091.0,13.0
1409588092.0,13.0
1409588093.0,13.8200001717
1409588094.0,14.589999914200002
1409588095.0,13.589999914200002
1409588096.0,13.0
1409588097.0,13.0
1409588098.0,14.2300002575
1409588099.0,14.7699997425
1409588100.0,13.0
1409588101.0,13.0
1409588102.0,13.410000085799998
1409588103.0,14.410000085799998
1409588104.0,14.1799998283
1409588105.0,13.0
1409588106.0,13.0
1409588107.0,13.0
1409588108.0,13.410000085799998
1409588109.0,13.589999914200002
1409588110.0,13.410000085799998
1409588111.0,13.589999914200002
1409588112.0,13.0
1409588113.0,13.8200001717
1409588114.0,14.589999914200002
1409588115.0,13.589999914200002
1409588116.0,13.0
1409588117.0,13.0
1409588118.0,14.2300002575
1409588119.0,14.7699997425
1409588120.0,13.0
1409588121.0,13.0
1409588122.0,13.0
1409588123.0,14.2300002575
1409588124.0,14.7699997425
1409588125.0,13.0
1409588126.0,13.0
1409588127.0,13.0
1409588128.0,14.2300002575
1409588129.0,14.7699997425
1409588130.0,13.0
1409588131.0,13.410000085799998
1409588132.0,13.589999914200002
1409588133.0,13.8200001717
1409588134.0,14.1799998283
1409588135.0,13.0
1409588136.0,13.410000085799998
1409588137.0,13.589999914200002
1409588138.0,14.2300002575
1409588139.0,15.1799998283
1409588140.0,13.589999914200002
1409588141.0,13.0
1409588142.0,13.0
1409588143.0,13.8200001717
1409588144.0,14.1799998283
1409588145.0,13.0
1409588146.0,13.0
1409588147.0,13.0
1409588148.0,13.8200001717
1409588149.0,14.1799998283
1409588150.0,13.410000085799998
1409588151.0,13.589999914200002
1409588152.0,13.0
1409588153.0,14.2300002575
1409588154.0,14.7699997425
1409588155.0,13.0
1409588156.0,13.0
1409588157.0,13.0
1409588158.0,13.8200001717
1409588159.0,14.1799998283
1409588160.0,13.0
1409588161.0,13.0
1409588162.0,13.0
1409588163.0,14.2300002575
1409588164.0,14.7699997425
1409588165.0,13.0
1409588166.0,13.0
1409588167.0,13.410000085799998
1409588168.0,14.8200001717
1409588169.0,14.7699997425
1409588170.0,13.0
1409588171.0,13.0
1409588172.0,13.0
1409588173.0,14.2300002575
1409588174.0,14.7699997425
1409588175.0,13.410000085799998
1409588176.0,13.589999914200002
1409588177.0,13.0
1409588178.0,14.640000343299999
1409588179.0,15.359999656700001
1409588180.0,13.0
1409588181.0,13.0
1409588182.0,13.410000085799998
1409588183.0,14.8200001717
1409588184.0,14.7699997425
1409588185.0,13.0
1409588186.0,13.0
1409588187.0,13.0
1409588188.0,13.8200001717
1409588189.0,14.1799998283
1409588190.0,13.410000085799998
1409588191.0,13.589999914200002
1409588192.0,13.0
1409588193.0,13.8200001717
1409588194.0,14.589999914200002
1409588195.0,13.589999914200002
1409588196.0,13.0
1409588197.0,13.0
1409588198.0,14.640000343299999
1409588199.0,15.359999656700001
1409588200.0,13.0
1409588201.0,13.410000085799998
1409588202.0,13.589999914200002
1409588203.0,13.8200001717
1409588204.0,14.1799998283
1409588205.0,13.0
1409588206.0,13.410000085799998
1409588207.0,13.589999914200002
1409588208.0,14.640000343299999
1409588209.0,15.359999656700001
1409588210.0,13.0
1409588211.0,13.0
1409588212.0,13.0
1409588213.0,15.0500004292
1409588214.0,15.9499995708
1409588215.0,13.0
1409588216.0,13.0
1409588217.0,13.410000085799998
1409588218.0,14.8200001717
1409588219.0,14.7699997425
1409588220.0,13.410000085799998
1409588221.0,13.589999914200002
1409588222.0,13.0
1409588223.0,15.0500004292
1409588224.0,16.3599996567
1409588225.0,13.589999914200002
1409588226.0,13.0
1409588227.0,13.0
1409588228.0,15.0500004292
1409588229.0,15.9499995708
1409588230.0,13.410000085799998
1409588231.0,13.589999914200002
1409588232.0,13.0
1409588233.0,15.0500004292
1409588234.0,16.3599996567
1409588235.0,13.589999914200002
1409588236.0,13.0
1409588237.0,13.0
1409588238.0,14.640000343299999
1409588239.0,15.359999656700001
1409588240.0,13.0
1409588241.0,13.0
1409588242.0,13.0
1409588243.0,15.0500004292
1409588244.0,16.7699997425
1409588245.0,14.1799998283
1409588246.0,13.410000085799998
1409588247.0,13.589999914200002
1409588248.0,15.0500004292
1409588249.0,18.0
1409588250.0,15.9499995708
1409588251.0,13.0
1409588252.0,13.0
1409588253.0,15.460000515
1409588254.0,19.4100000858
1409588255.0,17.1299993992
1409588256.0,13.410000085799998
1409588257.0,13.589999914200002
1409588258.0,15.0500004292
1409588259.0,17.179999828299998
1409588260.0,14.7699997425
1409588261.0,13.0
1409588262.0,13.0
1409588263.0,15.460000515
1409588264.0,17.7699997425
1409588265.0,14.7699997425
1409588266.0,13.410000085799998
1409588267.0,13.589999914200002
1409588268.0,15.460000515
1409588269.0,18.179999828299998
1409588270.0,15.359999656700001
1409588271.0,13.0
1409588272.0,13.0
1409588273.0,15.0500004292
1409588274.0,20.460000515
1409588275.0,20.3099992275
1409588276.0,14.1799998283
1409588277.0,13.410000085799998
1409588278.0,15.640000343299999
1409588279.0,18.820000171700002
1409588280.0,17.1299993992
1409588281.0,13.0
1409588282.0,13.0
1409588283.0,15.460000515
1409588284.0,21.0500004292
1409588285.0,24.0
1409588286.0,19.8999991417
1409588287.0,13.589999914200002
1409588288.0,15.0500004292
1409588289.0,20.460000515
1409588290.0,20.3099992275
1409588291.0,14.589999914200002
1409588292.0,13.589999914200002
1409588293.0,15.0500004292
1409588294.0,20.460000515
1409588295.0,23.179999828299998
1409588296.0,18.3099992275
1409588297.0,13.0
1409588298.0,15.460000515
1409588299.0,21.0500004292
1409588300.0,22.7699997425
1409588301.0,18.1299993992
1409588302.0,13.589999914200002
1409588303.0,15.460000515
1409588304.0,21.0500004292
1409588305.0,24.0
1409588306.0,20.7199993134
1409588307.0,14.7699997425
1409588308.0,15.460000515
1409588309.0,21.0500004292
1409588310.0,24.0
1409588311.0,21.1299993992
1409588312.0,15.359999656700001
1409588313.0,15.460000515
1409588314.0,21.0500004292
1409588315.0,24.0
1409588316.0,24.0
1409588317.0,22.3599996567
1409588318.0,19.5899999142
1409588319.0,21.0500004292
1409588320.0,24.0
1409588321.0,24.0
1409588322.0,24.0
1409588323.0,23.5899999142
1409588324.0,23.4100000858
1409588325.0,24.0
1409588326.0,24.0
1409588327.0,24.0
1409588328.0,24.4100000858
1409588329.0,24.5899999142
1409588330.0,24.0
1409588331.0,24.0
1409588332.0,24.0
1409588333.0,22.3599996567
1409588334.0,21.6400003433
1409588335.0,24.0
1409588336.0,24.0
1409588337.0,24.0
1409588338.0,24.4100000858
1409588339.0,24.5899999142
1409588340.0,24.0
1409588341.0,24.0
1409588342.0,24.0
1409588343.0,24.4100000858
1409588344.0,25.0
1409588345.0,24.5899999142
1409588346.0,24.0
1409588347.0,24.4100000858
1409588348.0,25.0
1409588349.0,25.0
1409588350.0,25.0
1409588351.0,24.5899999142
1409588352.0,24.820000171700002
1409588353.0,25.5899999142
1409588354.0,25.0
1409588355.0,24.5899999142
1409588356.0,24.4100000858
1409588357.0,25.0
1409588358.0,25.0
1409588359.0,25.0
1409588360.0,24.5899999142
1409588361.0,24.4100000858
1409588362.0,25.0
1409588363.0,25.0
1409588364.0,25.0
1409588365.0,24.5899999142
1409588366.0,24.4100000858
1409588367.0,25.0
1409588368.0,25.0
1409588369.0,24.5899999142
1409588370.0,24.4100000858
1409588371.0,24.5899999142
1409588372.0,24.4100000858
1409588373.0,25.0
1409588374.0,25.0
1409588375.0,24.5899999142
1409588376.0,24.4100000858
1409588377.0,25.0
1409588378.0,25.0
1409588379.0,25.0
1409588380.0,24.5899999142
1409588381.0,24.4100000858
1409588382.0,25.4100000858
1409588383.0,26.0
1409588384.0,25.5899999142
1409588385.0,25.0
1409588386.0,24.5899999142
1409588387.0,24.820000171700002
1409588388.0,25.5899999142
1409588389.0,25.0
1409588390.0,25.0
1409588391.0,24.5899999142
1409588392.0,24.4100000858
1409588393.0,25.0
1409588394.0,24.5899999142
1409588395.0,24.0
1409588396.0,24.4100000858
1409588397.0,25.0
1409588398.0,25.0
1409588399.0,25.0
1409588400.0,24.5899999142
1409588401.0,24.4100000858
1409588402.0,25.4100000858
1409588403.0,25.5899999142
1409588404.0,25.0
1409588405.0,25.0
1409588406.0,25.0
1409588407.0,25.4100000858
1409588408.0,26.4100000858
1409588409.0,26.179999828299998
1409588410.0,24.5899999142
1409588411.0,24.820000171700002
1409588412.0,25.179999828299998
1409588413.0,24.4100000858
1409588414.0,24.179999828299998
1409588415.0,23.4100000858
1409588416.0,24.0
1409588417.0,24.0
1409588418.0,24.4100000858
1409588419.0,25.0
1409588420.0,24.5899999142
1409588421.0,24.0
1409588422.0,24.4100000858
1409588423.0,24.5899999142
1409588424.0,24.4100000858
1409588425.0,24.5899999142
1409588426.0,24.0
1409588427.0,24.0
1409588428.0,24.4100000858
1409588429.0,20.4899990559
1409588430.0,14.410000085799998
1409588431.0,21.5600013733
1409588432.0,29.7699997425
1409588433.0,23.8999991417
1409588434.0,19.2300002575
1409588435.0,22.6400003433
1409588436.0,26.2300002575
1409588437.0,28.0
1409588438.0,23.8999991417
1409588439.0,18.4100000858
1409588440.0,22.6900007725
1409588441.0,28.820000171700002
1409588442.0,28.7699997425
1409588443.0,24.1299993992
1409588444.0,20.0
1409588445.0,22.0500004292
1409588446.0,26.2300002575
1409588447.0,28.0
1409588448.0,25.539999485
1409588449.0,19.9499995708
1409588450.0,19.0500004292
1409588451.0,24.8700006008
1409588452.0,29.4100000858
1409588453.0,27.1299993992
1409588454.0,20.539999485
1409588455.0,19.460000515
1409588456.0,23.4100000858
1409588457.0,24.820000171700002
1409588458.0,25.179999828299998
1409588459.0,19.8999991417
1409588460.0,19.3300011158
1409588461.0,27.820000171700002
1409588462.0,28.5899999142
1409588463.0,24.719999313400002
1409588464.0,20.4100000858
1409588465.0,21.0
1409588466.0,24.280000686599998
1409588467.0,28.179999828299998
1409588468.0,23.719999313400002
1409588469.0,18.5899999142
1409588470.0,21.2800006866
1409588471.0,26.0
1409588472.0,26.4100000858
1409588473.0,24.539999485
1409588474.0,20.179999828299998
1409588475.0,21.0500004292
1409588476.0,26.0500004292
1409588477.0,28.179999828299998
1409588478.0,24.539999485
1409588479.0,18.539999485
1409588480.0,17.8700006008
1409588481.0,23.6400003433
1409588482.0,27.6400003433
1409588483.0,27.1299993992
1409588484.0,22.179999828299998
1409588485.0,21.820000171700002
1409588486.0,25.8700006008
1409588487.0,30.0
1409588488.0,27.9499995708
1409588489.0,24.5899999142
1409588490.0,24.0
1409588491.0,24.4100000858
1409588492.0,25.0
1409588493.0,25.4100000858
1409588494.0,25.5899999142
1409588495.0,24.5899999142
1409588496.0,24.4100000858
1409588497.0,25.4100000858
1409588498.0,26.0
1409588499.0,25.5899999142
1409588500.0,24.5899999142
1409588501.0,24.4100000858
1409588502.0,25.4100000858
1409588503.0,26.0
1409588504.0,25.5899999142
1409588505.0,25.0
1409588506.0,24.5899999142
1409588507.0,24.820000171700002
1409588508.0,25.5899999142
1409588509.0,25.0
1409588510.0,25.0
1409588511.0,24.179999828299998
1409588512.0,23.820000171700002
1409588513.0,25.0
1409588514.0,22.539999485
1409588515.0,19.0
1409588516.0,22.6900007725
1409588517.0,28.4100000858
1409588518.0,26.1299993992
1409588519.0,19.539999485
1409588520.0,18.460000515
1409588521.0,24.460000515
1409588522.0,28.4100000858
1409588523.0,24.8999991417
1409588524.0,18.5899999142
1409588525.0,21.2800006866
1409588526.0,26.820000171700002
1409588527.0,28.0
1409588528.0,25.1299993992
1409588529.0,20.5899999142
1409588530.0,22.0500004292
1409588531.0,25.4100000858
1409588532.0,25.5899999142
1409588533.0,23.3599996567
1409588534.0,18.9499995708
1409588535.0,18.0500004292
1409588536.0,24.280000686599998
1409588537.0,28.5899999142
1409588538.0,27.179999828299998
1409588539.0,20.259998798399998
1409588540.0,14.0500004292
1409588541.0,21.1000008583
1409588542.0,26.179999828299998
1409588543.0,22.9499995708
1409588544.0,18.3599996567
1409588545.0,17.6400003433
1409588546.0,22.8700006008
1409588547.0,27.0
1409588548.0,24.1299993992
1409588549.0,18.7699997425
1409588550.0,18.6400003433
1409588551.0,23.0500004292
1409588552.0,25.179999828299998
1409588553.0,21.9499995708
1409588554.0,16.9499995708
1409588555.0,16.8700006008
1409588556.0,24.6900007725
1409588557.0,29.179999828299998
1409588558.0,25.539999485
1409588559.0,20.3599996567
1409588560.0,20.0500004292
1409588561.0,25.0500004292
1409588562.0,28.4100000858
1409588563.0,27.3599996567
1409588564.0,20.4899990559
1409588565.0,15.2300002575
1409588566.0,21.1000008583
1409588567.0,26.179999828299998
1409588568.0,22.539999485
1409588569.0,18.5899999142
1409588570.0,20.0500004292
1409588571.0,23.4100000858
1409588572.0,24.820000171700002
1409588573.0,23.539999485
1409588574.0,17.9499995708
1409588575.0,17.460000515
1409588576.0,23.460000515
1409588577.0,27.4100000858
1409588578.0,24.719999313400002
1409588579.0,17.9499995708
1409588580.0,17.8700006008
1409588581.0,24.460000515
1409588582.0,28.4100000858
1409588583.0,25.719999313400002
1409588584.0,17.7199993134
1409588585.0,15.8700006008
1409588586.0,22.8700006008
1409588587.0,27.820000171700002
1409588588.0,26.9499995708
1409588589.0,20.7199993134
1409588590.0,18.8700006008
1409588591.0,25.0500004292
1409588592.0,28.0
1409588593.0,27.179999828299998
1409588594.0,23.1299993992
1409588595.0,16.9499995708
1409588596.0,18.92000103
1409588597.0,27.6400003433
1409588598.0,25.4899990559
1409588599.0,17.3599996567
1409588600.0,17.0500004292
1409588601.0,22.8700006008
1409588602.0,28.2300002575
1409588603.0,26.3099992275
1409588604.0,20.5899999142
1409588605.0,22.8700006008
1409588606.0,27.0
1409588607.0,28.2300002575
1409588608.0,26.719999313400002
1409588609.0,21.179999828299998
1409588610.0,23.280000686599998
1409588611.0,28.0
1409588612.0,28.4100000858
1409588613.0,25.719999313400002
1409588614.0,18.9499995708
1409588615.0,18.460000515
1409588616.0,25.6900007725
1409588617.0,30.179999828299998
1409588618.0,26.9499995708
1409588619.0,19.8999991417
1409588620.0,13.589999914200002
1409588621.0,18.740001201600002
1409588622.0,25.7699997425
1409588623.0,22.3599996567
1409588624.0,20.0
1409588625.0,21.2300002575
1409588626.0,24.2300002575
1409588627.0,26.4100000858
1409588628.0,23.719999313400002
1409588629.0,16.9499995708
1409588630.0,17.2800006866
1409588631.0,22.4100000858
1409588632.0,26.280000686599998
1409588633.0,26.07999897
1409588634.0,19.0
1409588635.0,21.460000515
1409588636.0,26.6400003433
1409588637.0,28.5899999142
1409588638.0,25.1299993992
1409588639.0,19.3599996567
1409588640.0,19.460000515
1409588641.0,26.6900007725
1409588642.0,30.3599996567
1409588643.0,25.539999485
1409588644.0,18.3099992275
1409588645.0,12.589999914200002
1409588646.0,12.8200001717
1409588647.0,13.589999914200002
1409588648.0,15.0500004292
1409588649.0,20.460000515
1409588650.0,24.0
1409588651.0,24.0
